,UserID,UserCreatedAt,UserDescriptionLength,UserFollowersCount,UserFriendsCount,UserLocation,AvgHashtag,AvgURLCount,AvgMention,AvgRetweet,AvgFavCount,TweetCount,SpammerOrNot,Current_Time,friends_to_followers_ratio
0,613357772,88,145,62144,297.0,45,0.4666666666666667,0.26666666666666666,1.1666666666666667,9.7,11.7,21157,0,0,0.004779222451081359
1,284920800,57,75,109825,161.0,86,0.6,0.9333333333333332,0.3333333333333333,5.366666666666666,6.366666666666666,78784,0,0,0.0014659685863874345
2,1943418931,153,102,237690,156.0,44,2.3,1.0,0.0,1.7,10.966666666666667,85765,0,0,0.0006563170516218604
3,740815249524285440,276,0,7449,323.0,45,0.0,1.0,0.9,0.0,0.13333333333333333,38658,0,0,0.04336152503691771
4,777850687338057729,289,0,1271,1022.0,2,1.8333333333333333,1.9,1.4,0.4,0.7666666666666667,2482,0,0,0.8040912667191188
5,1591105346,142,0,989,118.0,183,0.0,0.4666666666666667,0.0,0.0,0.2333333333333333,2100,0,0,0.11931243680485339
6,828982958115737600,329,0,108,0.0,2,0.0,1.0,0.0,0.0,0.03333333333333333,862,0,0,0.0
7,4087953322,224,23,6727,120.0,45,0.7333333333333333,0.9,0.5333333333333333,8.566666666666666,12.366666666666667,2173,0,0,0.017838561022744167
8,1073676020,106,62,1105348,118.0,2,1.0,0.4666666666666667,1.3666666666666667,10.4,0.0,210880,0,0,0.00010675371014377373
9,57279305,20,159,2686,49.0,44,0.16666666666666666,0.6333333333333333,0.2,8.1,1.6666666666666667,548,0,0,0.018242740134028296
10,28995530,8,23,535237,13.0,175,1.4666666666666666,0.9666666666666668,0.03333333333333333,8.3,28.9,116135,0,0,2.4288305928028145e-05
11,922665429578870785,361,126,2257,627.0,45,0.7666666666666667,1.0333333333333334,1.4666666666666666,5.5,34.5,6712,0,0,0.2778023925564909
12,4889819537,248,151,520,87.0,45,1.1,0.5666666666666667,2.566666666666667,1.9,0.0,1725,0,0,0.1673076923076923
13,19519947,4,91,63043,187.0,86,1.0666666666666669,0.9,0.2,0.7,1.7666666666666666,297998,0,0,0.0029662293989816475
14,245687754,53,35,1931329,1.0,134,0.1,0.3,0.13333333333333333,100.03333333333332,297.3,56116,0,0,5.17778172439807e-07
15,442782547,80,91,131942,343.0,86,0.3,0.8333333333333334,0.43333333333333335,254.23333333333332,17.133333333333333,16040,0,0,0.002599627108881175
16,442782547,80,91,131943,343.0,86,0.3,0.8333333333333334,0.43333333333333335,254.23333333333332,17.133333333333333,16040,0,0,0.002599607406228447
17,241069726,52,61,1731,23.0,44,0.0,1.6666666666666667,0.0,0.1,0.2333333333333333,780,0,0,0.013287117273252455
18,1704625526,147,15,366005,8.0,46,1.8333333333333333,1.1,0.06666666666666668,1.4666666666666666,12.066666666666665,120148,0,0,2.1857624895834755e-05
19,128609455,36,136,170508,450.0,45,1.4666666666666666,1.1666666666666667,0.3,1.8,8.5,191728,0,0,0.0026391723555492996
20,134758540,37,153,11751572,509.0,130,0.6,1.3666666666666667,0.4666666666666667,5.3,24.8,463028,0,0,4.331335416231973e-05
21,171825995,44,87,624,451.0,45,0.06666666666666668,0.8666666666666667,0.1,0.03333333333333333,0.6333333333333333,515,0,0,0.7227564102564102
22,898614765299183616,355,23,1101,1238.0,86,0.26666666666666666,0.3333333333333333,1.3333333333333333,51.43333333333333,0.2,3696,0,0,1.1244323342415985
23,88643957,27,119,32,2.0,130,0.13333333333333333,0.6,0.6333333333333333,86.46666666666668,0.0,27,0,0,0.0625
24,1054776204178292736,451,85,227,15.0,45,2.033333333333333,0.4,0.7,26.7,1.5666666666666669,1051,0,0,0.06607929515418502
25,1009295068484681728,424,31,456,60.0,54,0.2,0.6,0.8,160.63333333333333,2.933333333333333,147,0,0,0.13157894736842105
26,1008616796927094784,415,0,112,12.0,2,0.0,0.03333333333333333,0.03333333333333333,0.0,0.0,1,0,0,0.10714285714285714
27,1009304634161156097,425,0,148,25.0,160,0.06666666666666668,0.06666666666666668,0.1,0.06666666666666668,0.0,2,0,0,0.16891891891891891
28,1008862252303126530,420,10,387,54.0,180,0.2,0.7,0.7333333333333333,12.633333333333333,3.2666666666666666,48,0,0,0.13953488372093023
29,1008683713712930816,419,46,91,11.0,18,0.0,0.2333333333333333,0.06666666666666668,0.0,0.1,7,0,0,0.12087912087912088
30,1006097125938089984,409,8,591,204.0,174,0.0,1.0,0.0,0.43333333333333335,2.6,254,0,0,0.34517766497461927
31,1008642243819761664,417,0,217,29.0,45,0.1,0.06666666666666668,0.03333333333333333,0.06666666666666668,0.13333333333333333,3,0,0,0.1336405529953917
32,1007158886938206208,410,8,302,145.0,182,0.9,0.6333333333333333,1.2666666666666666,0.5333333333333333,7.633333333333334,28,0,0,0.48013245033112584
33,1009255522602631168,423,0,176,55.0,2,0.0,0.2,0.3,0.1,1.2333333333333334,6,0,0,0.3125
34,1008882456575934464,421,104,140,142.0,145,0.03333333333333333,0.2333333333333333,0.1,1.1333333333333333,0.1,10,0,0,1.0142857142857142
35,1008655587528171521,418,0,125,11.0,50,0.03333333333333333,0.03333333333333333,0.0,0.0,0.03333333333333333,1,0,0,0.088
36,1009050067985002496,422,9,411,142.0,174,0.3,0.26666666666666666,0.3333333333333333,0.7666666666666667,2.333333333333333,12,0,0,0.34549878345498786
37,1008635639741362176,416,0,245,44.0,181,0.03333333333333333,0.1,1.1333333333333333,0.13333333333333333,0.3666666666666665,12,0,0,0.17959183673469387
38,791579675038449664,300,21,1147,4915.0,45,0.0,1.0,0.0,0.1,0.8666666666666667,2603,0,0,4.285091543156059
39,1008585159858270208,414,19,432,220.0,161,0.9333333333333332,0.8,1.1,6.0,0.0,130,0,0,0.5092592592592593
40,736106427064799232,272,139,1455,364.0,225,0.9666666666666668,0.7666666666666667,0.9666666666666668,195.46666666666667,5.366666666666666,3883,0,0,0.2501718213058419
41,736906416414298112,273,0,53971,112.0,221,2.6,0.2,5.3,220.0,0.0,1953,0,0,0.0020751885271719996
42,897344801728643072,354,36,24,49.0,2,0.03333333333333333,0.2333333333333333,0.13333333333333333,0.03333333333333333,0.0,7,0,0,2.0416666666666665
43,775341808968691712,287,98,4713,528.0,225,1.2,0.9666666666666668,0.6,0.3333333333333333,1.0333333333333334,19148,0,0,0.11203055378739657
44,4848168385,246,0,11090,63.0,111,0.8333333333333334,0.6666666666666666,1.0666666666666669,220.16666666666663,131.43333333333334,315,0,0,0.005680793507664562
45,34245009,11,131,675330,28.0,86,2.1,1.8333333333333333,0.3333333333333333,10.866666666666667,32.3,426475,0,0,4.1461211555831963e-05
46,39743812,15,120,3201871,44.0,2,1.7,0.8333333333333334,0.6,2.933333333333333,4.533333333333333,386241,0,0,1.3741965244695991e-05
47,372754427,69,157,1122950,209.0,89,0.1,1.0333333333333334,0.03333333333333333,58.8,237.66666666666663,101591,0,0,0.00018611692417293735
48,1056850669,105,114,2050934,15.0,134,2.7333333333333334,1.3333333333333333,0.3333333333333333,16.7,62.6,227527,0,0,7.3137409589972175e-06
49,98362607,29,47,1035828,89.0,86,2.033333333333333,2.0,1.5666666666666669,20.733333333333334,100.53333333333332,285841,0,0,8.592160088354437e-05
50,39240673,14,40,8254265,165.0,86,2.333333333333333,1.933333333333333,0.6,20.3,99.3,194592,0,0,1.9989665948452102e-05
51,37034483,13,31,11375975,14.0,86,0.6333333333333333,1.0333333333333334,0.5,5.4,19.466666666666665,596778,0,0,1.2306637453053476e-06
52,37034483,13,31,11375976,14.0,86,0.6333333333333333,1.0333333333333334,0.5,5.4,19.466666666666665,596778,0,0,1.2306636371244103e-06
53,461841349,82,110,1868916,22.0,86,2.033333333333333,2.9,1.5,244.96666666666667,992.1666666666664,181026,0,0,1.1771529592555256e-05
54,177829660,45,74,592737,45.0,2,0.6333333333333333,0.9666666666666668,0.13333333333333333,19.966666666666665,71.2,141753,0,0,7.591899948881207e-05
55,29958928,9,113,998792,22.0,134,0.0,1.0,0.0,0.9333333333333332,4.433333333333334,212603,0,0,2.2026608142636305e-05
56,123171317,33,103,758467,479.0,60,0.6666666666666666,2.8,1.6,8.6,39.56666666666667,250352,0,0,0.0006315370345710492
57,2251588934,158,158,3752949,20.0,2,0.0,0.8666666666666667,1.1,0.0,0.03333333333333333,347842,0,0,5.329142495674735e-06
58,321271735,66,81,604495,35.0,130,0.2,2.0,0.06666666666666668,63.4,245.8,116035,0,0,5.789956906177884e-05
59,1966507722,154,121,615255,68.0,226,0.4,0.9333333333333332,0.1,96.2,115.43333333333334,91163,0,0,0.00011052327896563214
60,1734536606,150,48,8764,42.0,58,1.1,1.0,0.5333333333333333,0.03333333333333333,0.6333333333333333,70674,0,0,0.004792332268370607
61,1033673017241546754,439,0,28,147.0,2,1.0666666666666669,0.26666666666666666,2.033333333333333,50.96666666666667,0.06666666666666668,63,0,0,5.25
62,4743832831,237,157,4081,391.0,11,0.4,0.4,2.3,89.16666666666669,11.566666666666665,3926,0,0,0.09580985052683166
63,1331404556,113,45,1108,796.0,2,0.2333333333333333,0.4,2.0,1162.0,1.4333333333333331,11218,0,0,0.7184115523465704
64,1712709144,149,160,126294,1723.0,86,0.8333333333333334,2.5,10.166666666666666,2545.233333333333,16.666666666666668,7697,0,0,0.013642770044499342
65,722923402260951043,262,0,6679,3.0,2,0.16666666666666666,0.5333333333333333,1.0,1.4666666666666666,5.266666666666667,55,0,0,0.0004491690372810301
66,722923402260951043,262,0,6678,3.0,2,0.16666666666666666,0.5333333333333333,1.0,1.4666666666666666,5.266666666666667,55,0,0,0.0004492362982929021
67,3108258452,197,129,2188,514.0,229,0.0,1.0,0.0,0.0,0.0,96643,0,0,0.23491773308957953
68,2318958582,160,82,3505,598.0,110,0.2333333333333333,0.5,1.6,150.03333333333333,80.33333333333333,5650,0,0,0.17061340941512126
69,970591741131804672,379,156,54217,76.0,86,9.6,6.4,4.8,704.2666666666668,2009.0666666666666,432,0,0,0.0014017743512182526
70,793395820846428160,303,80,2372,90.0,97,0.0,0.7666666666666667,5.966666666666668,0.1,1.6,1653,0,0,0.03794266441821248
71,1008035078004330496,413,102,10433,21.0,162,4.0,1.2,13.466666666666667,821.4666666666667,108.66666666666669,1385,0,0,0.0020128438608262244
72,305086188,61,90,7558,63.0,124,0.13333333333333333,0.7666666666666667,0.8333333333333334,1.2,0.0,37578,0,0,0.008335538502249272
73,444481070,81,133,17890,79.0,70,0.5666666666666667,0.6666666666666666,0.7,124.7,19.666666666666668,1726,0,0,0.00441587479038569
74,1027528066866663424,433,135,582,122.0,110,0.6,0.5,0.6,9.166666666666666,27.16666666666667,20,0,0,0.20962199312714777
75,4738670125,236,107,417,230.0,2,0.03333333333333333,0.3666666666666665,4.866666666666666,338.76666666666665,0.9666666666666668,1695,0,0,0.5515587529976019
76,774874083901046784,286,0,809,178.0,2,0.8,0.4666666666666667,1.1,364.1,0.9666666666666668,694,0,0,0.2200247218788628
77,930053917701836800,365,127,92,147.0,195,0.03333333333333333,0.6333333333333333,0.7,0.03333333333333333,0.7,22,0,0,1.5978260869565217
78,962967264680202240,375,103,3297,4.0,191,0.0,0.2,3.4,0.8,2.7333333333333334,758,0,0,0.001213224143160449
79,78858865,26,60,301908,441.0,81,0.9666666666666668,0.9,0.7,5.233333333333333,10.733333333333333,19524,0,0,0.0014607098851305697
80,842434250272079872,330,160,6051,152.0,86,0.5666666666666667,0.7333333333333333,0.5666666666666667,15.633333333333333,6.966666666666668,1118,0,0,0.025119814906627003
81,1003874882357223424,406,91,332,41.0,110,0.13333333333333333,0.6666666666666666,0.06666666666666668,22.93333333333333,21.0,11,0,0,0.12349397590361445
82,122658025,32,39,3330365,22.0,59,0.26666666666666666,1.0,0.9666666666666668,261.3,1022.8333333333336,5163,0,0,6.6058825384004455e-06
83,136172389,38,123,28472,250.0,86,1.1666666666666667,5.0,2.5,16.666666666666668,44.83333333333334,3045,0,0,0.008780556336049452
84,1535907986,139,129,13714,169.0,63,0.5,0.3,2.0,17.633333333333333,1.3666666666666667,30895,0,0,0.012323173399445822
85,1469482477,129,140,11595,11.0,2,0.3666666666666665,0.3333333333333333,1.2333333333333334,160.53333333333333,5.366666666666666,1098,0,0,0.0009486847779215179
86,4833521534,243,151,2014,121.0,2,0.7666666666666667,0.43333333333333335,2.3666666666666667,104.8,2.0,4785,0,0,0.060079443892750745
87,2959280540,190,160,17353,205.0,227,0.5333333333333333,0.13333333333333333,2.1,57.16666666666666,0.0,7394,0,0,0.011813519276205843
88,1469471533,128,146,30020,236.0,7,0.3666666666666665,0.3666666666666665,2.2666666666666666,70.4,4.5,9325,0,0,0.007861425716189207
89,1476714007,135,141,33446,75.0,80,0.13333333333333333,0.13333333333333333,3.1333333333333333,7.1,0.3666666666666665,57081,0,0,0.0022424206183101116
90,711170043241963520,252,140,28421,178.0,100,0.0,0.2,4.066666666666666,5.566666666666666,0.43333333333333335,50608,0,0,0.006262974561064002
91,1456517174,119,145,27077,27.0,228,0.6333333333333333,0.03333333333333333,2.933333333333333,12.4,0.0,239528,0,0,0.0009971562580788124
92,1398976800,117,138,17678,189.0,11,1.8,0.06666666666666668,3.733333333333333,76.33333333333333,0.0,47318,0,0,0.010691254666817513
93,1469381294,126,132,6418,157.0,2,1.2666666666666666,0.5333333333333333,4.466666666666667,127.43333333333334,1.2333333333333334,28760,0,0,0.024462449361171704
94,1317707898,111,134,17225,16.0,223,0.3333333333333333,0.9333333333333332,5.4,45.06666666666667,6.466666666666668,7086,0,0,0.0009288824383164006
95,1471906255,134,134,6551,169.0,191,0.3333333333333333,0.26666666666666666,2.6666666666666665,29.966666666666665,2.6333333333333333,13014,0,0,0.02579758815448023
96,2456384107,166,135,5492,232.0,2,0.5333333333333333,0.26666666666666666,2.566666666666667,14.333333333333336,0.0,37779,0,0,0.04224326292789512
97,1399708710,118,142,22991,17.0,193,0.2333333333333333,0.16666666666666666,3.1666666666666665,22.766666666666666,0.7333333333333333,15321,0,0,0.0007394197729546344
98,3178012657,199,134,11014,142.0,171,0.3,0.6333333333333333,2.3,33.1,7.1,7398,0,0,0.012892682041038678
99,1331034252,112,132,5538,147.0,96,0.1,0.7,2.933333333333333,8.066666666666666,8.1,25194,0,0,0.026543878656554713
100,809649300762480640,318,142,5510,140.0,30,0.8666666666666667,0.5,0.7,50.03333333333333,24.03333333333333,6147,0,0,0.025408348457350273
101,792306564170297344,301,31,5238,153.0,188,0.0,0.9666666666666668,1.1666666666666667,3.6666666666666665,19.633333333333333,681,0,0,0.029209621993127148
102,826734320018661378,328,94,1286,1734.0,102,0.9,1.0666666666666669,0.0,1.5666666666666669,7.633333333333334,1467,0,0,1.3483670295489891
103,3657712400,219,160,15500,20.0,133,0.03333333333333333,0.7666666666666667,1.7666666666666666,3.2666666666666666,8.933333333333334,1317,0,0,0.0012903225806451613
104,874989339314241538,345,160,6128,145.0,27,0.16666666666666666,0.7,1.2,43.4,28.53333333333333,533,0,0,0.023661879895561358
105,264681786,54,90,14163,96.0,2,1.3666666666666667,0.3,0.9333333333333332,9.4,15.166666666666664,6601,0,0,0.006778224952340606
106,1068730438234005505,455,71,40,73.0,48,0.6333333333333333,0.6666666666666666,0.4,10.666666666666666,0.8,165,0,0,1.825
107,739812041955889152,275,33,2085,38.0,10,0.5333333333333333,0.6333333333333333,1.4333333333333331,31.73333333333333,14.7,285,0,0,0.018225419664268584
108,4843765218,245,138,60584,176.0,95,0.2,0.03333333333333333,1.0,8.066666666666666,0.0,7047,0,0,0.0029050574409084907
109,907952401486725122,359,152,37987,233.0,92,1.6,1.4666666666666666,0.9333333333333332,73.9,155.16666666666666,1663,0,0,0.00613367731065891
110,3306790844,213,97,12819,98.0,73,0.0,0.6,5.6,78.2,68.4,1168,0,0,0.007644902098447617
111,2842306788,184,135,124721,181.0,77,0.06666666666666668,0.4,4.2,1.7333333333333334,3.033333333333333,33073,0,0,0.001451239165818106
112,3412395613,216,100,664916,22.0,5,0.3333333333333333,0.6,0.9666666666666668,9.366666666666667,39.16666666666666,2944,0,0,3.308688616306421e-05
113,143766231,41,40,1156777,21.0,88,0.0,0.8666666666666667,6.266666666666668,0.6333333333333333,3.1333333333333333,153973,0,0,1.8153887914438132e-05
114,959681983755546624,374,96,25084,24.0,12,0.7,1.1,4.9,63.0,195.6,2850,0,0,0.0009567852017222134
115,805702426338545664,307,102,29657,71.0,68,0.4666666666666667,1.6,1.2666666666666666,112.6,651.0666666666667,582,0,0,0.002394038506929224
116,626218913,90,153,146190,11.0,60,0.4,0.5333333333333333,0.6666666666666666,119.96666666666668,384.06666666666666,835,0,0,7.524454477050414e-05
117,1100927498,107,134,2479105,38.0,134,0.5666666666666667,0.9666666666666668,0.03333333333333333,14.833333333333336,53.43333333333333,139376,0,0,1.532811236313105e-05
118,784705308832694272,290,45,561004,21.0,135,0.8666666666666667,0.8666666666666667,0.3333333333333333,281.1,1608.5666666666666,2729,0,0,3.743288817905042e-05
119,789327837727559680,298,126,154444,100.0,79,0.6333333333333333,1.0333333333333334,0.3666666666666665,10.366666666666667,105.9,6941,0,0,0.0006474838776514464
120,1090631910693486593,469,51,472,859.0,13,0.7,0.7,1.3,8.166666666666666,26.766666666666666,179,0,0,1.819915254237288
121,723503384205103104,263,155,470,25.0,224,0.4,0.4666666666666667,2.0,425.9,0.4666666666666667,17320,0,0,0.05319148936170213
122,723503384205103104,263,155,472,25.0,224,0.4,0.4666666666666667,2.0,425.9,0.4666666666666667,17320,0,0,0.05296610169491525
123,1084122776665874433,465,73,739,28.0,74,0.3666666666666665,0.4,1.0666666666666669,169.23333333333332,11.133333333333333,26,0,0,0.037889039242219216
124,959681983755546624,374,96,25085,24.0,12,0.7,1.1,4.9,63.0,195.6,2850,0,0,0.0009567470599960136
125,136182704,39,0,106,618.0,72,0.43333333333333335,0.4,0.9666666666666668,794.0333333333333,0.5,77,0,0,5.830188679245283
126,3263041614,207,137,1390,36.0,28,0.8666666666666667,0.16666666666666666,0.7666666666666667,114.93333333333334,0.26666666666666666,5341,0,0,0.025899280575539568
127,1107605032801718274,484,160,39371,63.0,2,0.9,1.0333333333333334,0.9666666666666668,8.1,20.1,1127,0,0,0.001600162556196185
128,1017345376385314816,428,0,620,1152.0,2,2.8,0.7333333333333333,2.066666666666667,39.6,1.6666666666666667,3767,0,0,1.8580645161290323
129,1106232915178987520,483,41,16,29.0,122,0.16666666666666666,0.8333333333333334,0.6333333333333333,7.2,4.933333333333334,58,0,0,1.8125
130,389910518,73,139,4905,44.0,215,2.3666666666666667,0.9333333333333332,0.4666666666666667,3.8333333333333335,3.7,2030,0,0,0.008970438328236493
131,981046046804664320,392,67,2917,38.0,58,0.3666666666666665,0.7,0.7666666666666667,9.333333333333334,38.86666666666667,786,0,0,0.013027082619129242
132,983377169077293056,393,27,273,23.0,141,0.06666666666666668,0.06666666666666668,0.6,9.866666666666667,0.2333333333333333,6,0,0,0.08424908424908426
133,1056850669,105,114,2050934,15.0,134,2.7333333333333334,1.3333333333333333,0.3333333333333333,16.7,62.6,227526,0,0,7.3137409589972175e-06
134,231033118,51,156,1508283,199.0,130,0.9,0.7333333333333333,0.43333333333333335,117.86666666666666,33.3,203554,0,0,0.00013193810445387237
135,1227253801,108,72,5971895,114.0,133,0.9333333333333332,0.9333333333333332,0.2,313.1666666666667,1783.6,8853,0,0,1.9089418015554527e-05
136,3492240913,218,131,89785,22.0,133,0.0,0.9666666666666668,0.0,255.63333333333333,679.2,223,0,0,0.0002450297933953333
137,866956421899800576,341,152,74183,58.0,134,0.6,0.2333333333333333,1.3666666666666667,235.76666666666668,101.13333333333334,18261,0,0,0.0007818502891498052
138,501617441,85,11,3252700,43.0,78,0.06666666666666668,0.06666666666666668,0.9333333333333332,151.96666666666667,1676.533333333333,4783,0,0,1.3219786638792388e-05
139,2457802914,167,0,2,9.0,2,0.3,0.6,0.9,31.966666666666665,0.0,23,0,0,4.5
140,1091228863567261696,470,19,5,1.0,2,0.0,0.0,0.03333333333333333,0.0,0.03333333333333333,1,0,0,0.2
141,1047739594135883776,445,0,50,11.0,2,0.0,0.03333333333333333,0.0,0.0,0.03333333333333333,1,0,0,0.22
142,788752007246905344,295,116,1602,9.0,101,0.0,0.9666666666666668,0.06666666666666668,1.4666666666666666,18.133333333333333,1340,0,0,0.0056179775280898875
143,3876966136,221,119,954,47.0,197,0.0,0.5,1.5,1.3666666666666667,12.333333333333336,284,0,0,0.049266247379454925
144,869529855825674240,342,109,5214,379.0,49,0.13333333333333333,0.8333333333333334,0.6,46.9,11.366666666666667,1585,0,0,0.07268891446106636
145,789772103360794624,299,118,1512,91.0,163,0.06666666666666668,0.4666666666666667,2.433333333333333,3.433333333333333,2.2333333333333334,476,0,0,0.06018518518518518
146,788742361387966465,294,117,1789,55.0,173,0.03333333333333333,1.0,0.1,0.3666666666666665,4.166666666666667,189,0,0,0.030743432084963666
147,788753254280683520,296,118,1633,24.0,154,0.7,1.0,0.0,0.6,10.033333333333333,639,0,0,0.014696876913655848
148,821227782554337280,324,145,396,4.0,99,0.06666666666666668,1.0,0.0,0.3,4.566666666666666,160,0,0,0.010101010101010102
149,2444881508,165,2,981,30.0,150,0.3333333333333333,0.9666666666666668,0.43333333333333335,45.5,0.5,1486,0,0,0.03058103975535168
150,823170006879965184,325,43,386,30.0,2,0.6666666666666666,0.9,0.2333333333333333,10.966666666666667,5.7333333333333325,197,0,0,0.07772020725388601
151,788721664078950400,293,116,1035,63.0,213,0.06666666666666668,0.9666666666666668,0.26666666666666666,7.866666666666666,8.033333333333333,595,0,0,0.06086956521739131
152,1017722541442400257,430,95,279,26.0,78,0.6333333333333333,0.6333333333333333,1.3666666666666667,8.1,10.5,57,0,0,0.0931899641577061
153,2611134289,181,53,107684,1579.0,136,4.4,2.0,0.13333333333333333,8.8,20.933333333333334,20466,0,0,0.014663274023996137
154,4756886606,239,19,300,69.0,78,0.0,0.8333333333333334,2.833333333333333,0.06666666666666668,0.9333333333333332,33,0,0,0.23
155,731767022267174913,266,94,21405,19.0,134,1.0666666666666669,0.9333333333333332,0.2333333333333333,10.7,28.466666666666665,1660,0,0,0.0008876430740481195
156,970591741131804672,379,156,54216,76.0,86,9.6,6.4,4.8,704.2666666666668,2009.0666666666666,432,0,0,0.001401800206581083
157,4836687032,244,77,10265,155.0,140,0.5333333333333333,0.43333333333333335,1.7666666666666666,144.6,81.73333333333333,975,0,0,0.01509985387238188
158,993347694038003712,397,20,668,14.0,72,0.16666666666666666,0.3,4.166666666666667,15.433333333333335,5.533333333333332,104,0,0,0.020958083832335328
159,853135478765240325,334,75,16306,23.0,110,0.03333333333333333,0.3,3.066666666666667,1.4333333333333331,1.4666666666666666,3520,0,0,0.0014105237335949956
160,998772551454257152,401,155,4584,66.0,191,1.3333333333333333,0.9333333333333332,11.6,226.26666666666668,42.66666666666666,328,0,0,0.014397905759162303
161,737863891175231489,274,9,8566,27.0,168,0.26666666666666666,1.0,5.7333333333333325,78.33333333333333,323.06666666666666,346,0,0,0.003151996264300724
162,871222004875010049,343,53,542,13.0,141,0.6333333333333333,0.4666666666666667,1.8,118.7,4.733333333333333,686,0,0,0.023985239852398525
163,1394485897,116,63,309752,223.0,130,0.43333333333333335,0.8333333333333334,0.2333333333333333,75.5,146.26666666666668,7045,0,0,0.0007199307833363464
164,67378160,24,76,634515,46.0,86,8.933333333333334,4.0,1.3333333333333333,12.533333333333333,87.9,119712,0,0,7.249631608393812e-05
165,2183816041,155,62,14634914,161.0,130,0.13333333333333333,0.8666666666666667,0.1,1160.2,4514.633333333333,3696,0,0,1.1001089586177274e-05
166,64639742,22,68,671102,46.0,86,0.4666666666666667,1.2,0.1,21.766666666666666,123.23333333333332,139628,0,0,6.854397692154099e-05
167,798135834,95,32,860509,421.0,110,0.0,0.4666666666666667,2.7666666666666666,5.7,34.766666666666666,33573,0,0,0.0004892453187590136
168,1346439824,114,46,12801950,274.0,2,0.0,1.6666666666666667,0.26666666666666666,2311.4,12740.633333333333,4199,0,0,2.140298938833537e-05
169,4208714065,226,119,1148878,122.0,192,0.03333333333333333,0.9333333333333332,0.16666666666666666,206.8,592.5666666666667,3152,0,0,0.00010619056157398784
170,2541363451,170,36,2923094,131.0,142,0.0,1.3333333333333333,1.7333333333333334,1796.9,2001.533333333333,5212,0,0,4.4815527656654214e-05
171,219940006,50,144,428072,94.0,109,0.6666666666666666,1.933333333333333,0.0,6.666666666666668,49.93333333333333,361614,0,0,0.00021958922798033975
172,1583043284,141,27,1766684,232.0,230,0.43333333333333335,0.9333333333333332,0.43333333333333335,91.96666666666668,485.9333333333333,11916,0,0,0.00013131946629957593
173,3437532637,217,151,3857903,44.0,222,0.2,1.933333333333333,0.3333333333333333,3314.933333333333,15177.9,8409,0,0,1.1405159746110776e-05
174,3437532637,217,151,3857904,44.0,222,0.2,1.933333333333333,0.3333333333333333,3314.933333333333,15177.9,8409,0,0,1.1405156789800886e-05
175,3313144356,214,0,64227,1.0,111,0.0,0.9333333333333332,0.0,30.5,147.76666666666668,337,0,0,1.5569775950924065e-05
176,1471507939,132,131,16693,206.0,34,0.26666666666666666,0.3666666666666665,2.3,15.9,2.833333333333333,15825,0,0,0.01234050200682921
177,4878475779,247,98,113,472.0,225,0.5333333333333333,0.03333333333333333,1.2333333333333334,1.3,0.0,1944,0,0,4.176991150442478
178,813972475335806976,322,0,225,314.0,184,0.2333333333333333,0.6333333333333333,1.3333333333333333,184.86666666666667,1.4666666666666666,362,0,0,1.3955555555555557
179,1271749327,109,127,616756,504.0,56,0.2,0.5,7.7,6.666666666666668,7.833333333333332,171976,0,0,0.0008171789167839469
180,804020580437499905,306,143,8752,5.0,2,1.6666666666666667,0.8666666666666667,3.466666666666667,268.93333333333334,203.86666666666667,163,0,0,0.0005712979890310786
181,899872414523244544,356,152,786,143.0,110,3.533333333333333,2.1333333333333333,0.4,70.2,78.4,202,0,0,0.18193384223918574
182,842978276800835584,331,99,617697,10.0,55,1.8666666666666667,0.6,1.6666666666666667,1120.2333333333333,2005.166666666667,474,0,0,1.6189167180672724e-05
183,3437532637,217,151,3857935,44.0,222,0.2,1.933333333333333,0.3333333333333333,3314.933333333333,15177.9,8409,0,0,1.140506514495449e-05
184,885487044243238912,348,155,5140384,1.0,134,0.06666666666666668,2.0,0.0,1038.4333333333334,7092.266666666666,5611,0,0,1.945379956049976e-07
185,67378160,24,76,634519,46.0,86,8.933333333333334,4.0,1.3333333333333333,12.533333333333333,87.9,119712,0,0,7.249585906804998e-05
186,169018518,43,136,794157,75.0,86,0.7666666666666667,1.0,0.16666666666666666,5.433333333333334,43.1,184083,0,0,9.44397644294516e-05
187,725545144833839109,264,85,17714,11.0,110,3.6333333333333333,0.9666666666666668,0.8666666666666667,0.5,1.4,141326,0,0,0.0006209777577057694
188,103770785,31,105,2032549,81.0,2,1.7333333333333334,1.4,2.8,130.93333333333334,67.9,4910,0,0,3.9851437775915855e-05
189,355989081,68,145,2834342,0.0,86,0.26666666666666666,0.8,0.2,94.5,338.8,327643,0,0,0.0
190,1471554966,133,131,14937,220.0,156,0.43333333333333335,0.6333333333333333,4.0,42.3,0.26666666666666666,16756,0,0,0.014728526477873736
191,318195157,65,108,223446,812.0,130,0.16666666666666666,0.7333333333333333,0.4666666666666667,827.4,1560.7333333333331,2601,0,0,0.003633987630120924
192,461841349,82,110,1868920,22.0,86,2.033333333333333,2.9,1.5,244.96666666666667,992.1666666666664,181028,0,0,1.1771504398262098e-05
193,461841349,82,110,1868921,22.0,86,2.033333333333333,2.9,1.5,244.96666666666667,992.1666666666664,181028,0,0,1.177149809970566e-05
194,712272065521291266,254,0,1616,314.0,2,0.13333333333333333,0.16666666666666666,1.8333333333333333,1.3333333333333333,3.6,1300,0,0,0.1943069306930693
195,1089233476606402560,467,4,63,86.0,191,0.2,0.3333333333333333,1.5333333333333334,2081.133333333333,2.3666666666666667,59,0,0,1.3650793650793651
196,864524004140470272,339,0,12106,46.0,191,0.3,0.13333333333333333,1.4,2851.6,0.0,1601,0,0,0.003799768709730712
197,2541861548,171,139,9268,719.0,134,0.26666666666666666,0.6333333333333333,0.8333333333333334,694.2,33.43333333333333,2009,0,0,0.0775787656452309
198,760158046177923072,282,72,56703,63.0,70,0.1,0.26666666666666666,2.333333333333333,5.6,17.333333333333332,2013,0,0,0.001111052325273795
199,923416104059277312,362,155,239,2603.0,167,0.0,0.4666666666666667,1.4666666666666666,126.13333333333334,0.3333333333333333,202,0,0,10.891213389121338
200,907522353424326657,358,7,456,153.0,141,0.9,0.16666666666666666,2.4,65.83333333333333,0.06666666666666668,2781,0,0,0.3355263157894737
201,995964816056438784,398,0,3,0.0,2,0.03333333333333333,0.0,0.06666666666666668,4.466666666666667,0.0,1,0,0,0.0
202,1670387102,146,73,52,112.0,159,0.6,0.3333333333333333,2.3666666666666667,24.4,0.13333333333333333,86,0,0,2.1538461538461537
203,816617153939927040,323,0,2116,817.0,141,0.4,0.4666666666666667,3.2,36.66666666666666,10.966666666666667,320,0,0,0.3861058601134216
204,1857024559,152,0,340,1900.0,158,0.0,0.9333333333333332,0.0,0.0,0.03333333333333333,74068,0,0,5.588235294117647
205,2364049800,162,97,50713,299.0,133,1.3,0.4666666666666667,0.6333333333333333,6.866666666666666,7.733333333333332,3770,0,0,0.005895924122019995
206,2364049800,162,97,50711,299.0,133,1.3,0.4666666666666667,0.6333333333333333,6.866666666666666,7.733333333333332,3770,0,0,0.005896156652402832
207,2611134289,181,53,107683,1579.0,136,4.4,2.0,0.13333333333333333,8.8,20.933333333333334,20466,0,0,0.01466341019473826
208,755423801379348480,281,28,793,12.0,110,0.03333333333333333,0.13333333333333333,4.166666666666667,2.4,0.03333333333333333,4350,0,0,0.015132408575031526
209,2583806562,175,82,200706,7.0,86,0.4,0.6666666666666666,0.6333333333333333,31.5,12.3,2202,0,0,3.487688459737128e-05
210,1015002308,103,154,7524,992.0,124,0.3333333333333333,0.3333333333333333,1.5666666666666669,666.2333333333332,2.033333333333333,6892,0,0,0.1318447634237108
211,1597860398,143,103,649805,93.0,113,0.5,1.0,0.1,217.13333333333333,121.2,4830,0,0,0.00014311985903463348
212,3715381333,220,127,60995,205.0,67,0.06666666666666668,0.26666666666666666,1.933333333333333,3.733333333333333,4.333333333333333,13275,0,0,0.003360931223870809
213,3075043520,195,66,6215,18.0,112,0.0,0.3666666666666665,2.6333333333333333,0.03333333333333333,0.03333333333333333,3896,0,0,0.0028962188254223653
214,907952401486725122,359,152,37986,233.0,92,1.6,1.4666666666666666,0.9333333333333332,73.9,155.16666666666666,1663,0,0,0.006133838782709419
215,1271749327,109,127,616750,504.0,56,0.2,0.5,7.7,6.666666666666668,7.833333333333332,171971,0,0,0.0008171868666396433
216,103770785,31,105,2032547,81.0,2,1.7333333333333334,1.4,2.8,130.93333333333334,67.9,4910,0,0,3.9851476989215997e-05
217,3241214268,204,114,508708,328.0,134,0.3333333333333333,0.7666666666666667,0.9,2234.333333333333,938.0666666666667,8606,0,0,0.0006447706739426154
218,65659343,23,59,10685422,62.0,124,0.4666666666666667,1.0333333333333334,0.6666666666666666,453.3,4559.333333333333,2567,0,0,5.802297747342127e-06
219,4650454815,233,18,5483,73.0,179,0.0,1.0,0.0,2.6666666666666665,9.866666666666667,174,0,0,0.013313879263177094
220,2862278167,185,149,43734,475.0,125,1.6666666666666667,0.9,0.13333333333333333,9.4,14.1,22319,0,0,0.010861114922028627
221,3069275310,194,138,358768,425.0,86,1.1,0.7333333333333333,0.4666666666666667,158.53333333333333,402.56666666666666,3524,0,0,0.0011846095526914329
222,4620666194,231,0,1526,63.0,2,0.26666666666666666,0.5333333333333333,1.1,289.96666666666664,0.0,68,0,0,0.04128440366972477
223,18839785,3,23,46937623,2157.0,86,0.06666666666666668,2.0,0.2,8190.366666666668,31557.46666666667,23154,0,0,4.595460660630386e-05
224,18839785,3,23,46937626,2157.0,86,0.06666666666666668,2.0,0.2,8190.366666666668,31557.46666666667,23154,0,0,4.595460366913316e-05
225,4697989039,234,10,1791,39.0,125,0.7333333333333333,0.6666666666666666,0.8666666666666667,549.3,2.3,64,0,0,0.021775544388609715
226,720135190916366336,258,77,47772,18.0,178,0.03333333333333333,0.4,1.0,0.3333333333333333,1.5666666666666669,19370,0,0,0.00037678975131876413
227,4845993580,242,67,40927,0.0,128,0.0,0.16666666666666666,1.5,0.16666666666666666,0.7666666666666667,5381,0,0,0.0
228,4845993580,242,67,40930,0.0,128,0.0,0.16666666666666666,1.5,0.16666666666666666,0.7666666666666667,5381,0,0,0.0
229,3041294294,193,103,405911,1093.0,86,0.8,0.8,2.2666666666666666,2133.633333333333,3548.733333333333,3002,0,0,0.002692708500139193
230,788818605492146176,297,125,547,68.0,60,0.5,0.9333333333333332,0.2,745.3666666666667,13.733333333333333,91,0,0,0.12431444241316271
231,1044825516891607040,442,92,627,48.0,2,0.2,0.7666666666666667,1.0,31.7,11.933333333333335,244,0,0,0.07655502392344497
232,3289774729,212,99,7961,973.0,2,0.43333333333333335,0.3,1.7666666666666666,207.9,6.266666666666668,2123,0,0,0.12222082652933049
233,963317893609017345,376,159,3167,349.0,134,0.16666666666666666,0.5,1.6,413.2,10.0,196,0,0,0.11019892642879697
234,2946689876,188,98,5202,35.0,59,0.8666666666666667,0.4,1.0666666666666669,91.7,3.033333333333333,121,0,0,0.0067281814686658975
235,885487044243238912,348,155,5140283,1.0,134,0.06666666666666668,2.0,0.0,1038.4333333333334,7092.266666666666,5611,0,0,1.94541818028307e-07
236,1616964661,145,104,57421,472.0,209,0.7,0.8666666666666667,0.5666666666666667,293.1333333333333,54.2,4108,0,0,0.008219989202556555
237,2597494213,179,160,20448,4.0,134,0.03333333333333333,0.0,0.03333333333333333,0.8,3.966666666666667,2,0,0,0.00019561815336463224
238,1346439824,114,46,12802033,274.0,2,0.0,1.6666666666666667,0.26666666666666666,2311.4,12740.633333333333,4199,0,0,2.1402850625365517e-05
239,874157386952519680,344,125,4496,68.0,131,0.7666666666666667,0.7,0.8,38.06666666666667,15.533333333333333,71,0,0,0.015124555160142349
240,123171317,33,103,758464,479.0,60,0.6666666666666666,2.8,1.6,8.6,39.56666666666667,250352,0,0,0.0006315395325289005
241,22763833,6,41,201090,15.0,134,1.1,1.0,0.5333333333333333,1.0666666666666669,1.8666666666666667,331435,0,0,7.459346561241235e-05
242,141584822,40,39,18249,64.0,130,2.7666666666666666,1.0,0.0,0.3,0.7666666666666667,124369,0,0,0.003507041481725026
243,36327407,12,105,6746717,126.0,86,0.9666666666666668,1.2333333333333334,0.4666666666666667,4.4,12.4,572117,0,0,1.8675749998110193e-05
244,786490375816908800,292,102,14597,100.0,134,1.1,1.0,2.3,8.333333333333334,36.0,80456,0,0,0.0068507227512502565
245,34245009,11,131,675324,28.0,86,2.1,1.8333333333333333,0.3333333333333333,10.866666666666667,32.3,426474,0,0,4.1461579923118385e-05
246,854589978101207040,336,0,541,38.0,2,0.16666666666666666,0.3666666666666665,0.5333333333333333,11.266666666666667,7.8,15,0,0,0.07024029574861368
247,848003465573945346,332,144,4410,149.0,134,0.6333333333333333,0.4666666666666667,1.0,33.13333333333333,41.0,349,0,0,0.03378684807256236
248,811585575241158656,319,0,381,62.0,2,0.1,0.5,0.7666666666666667,31.03333333333333,43.83333333333334,32,0,0,0.16272965879265092
249,3101566842,196,140,15082,82.0,59,0.1,0.1,1.8,23.4,3.8,1247,0,0,0.005436944702294126
250,311024813,62,160,1615,44.0,105,0.6,0.3,1.3666666666666667,2033.1333333333328,2.1333333333333333,179,0,0,0.027244582043343655
251,3280538995,211,142,476,174.0,2,0.4,0.5666666666666667,1.0,92.63333333333334,3.7,394,0,0,0.36554621848739494
252,1007505795548762112,411,0,438,18.0,2,0.1,0.6333333333333333,1.1,59.03333333333333,0.0,64,0,0,0.0410958904109589
253,717020664587227136,257,70,113042,0.0,2,0.0,1.0,0.0,75.36666666666666,173.43333333333337,2049,0,0,0.0
254,882541162690519040,347,79,5356,20.0,104,0.1,0.6333333333333333,0.7666666666666667,30.86666666666667,65.3,140,0,0,0.0037341299477221808
255,807568950057803780,313,66,2437,21.0,103,0.7,1.0,0.0,12.866666666666667,58.43333333333333,481,0,0,0.008617152236356175
256,754369437449453572,279,145,7766,70.0,134,0.0,1.0,0.0,0.1,2.3,328,0,0,0.009013649240278136
257,806722023405723653,308,8,4494,12.0,104,0.0,0.9666666666666668,0.0,4.5,28.466666666666665,51,0,0,0.0026702269692923898
258,808281973936357376,316,96,2388,21.0,104,0.03333333333333333,0.9,0.4666666666666667,20.666666666666668,8.966666666666667,115,0,0,0.008793969849246231
259,807585951480320000,314,68,5020,20.0,6,0.0,0.8,0.5333333333333333,113.93333333333334,37.66666666666666,111,0,0,0.00398406374501992
260,806805914833461248,309,75,2977,18.0,3,0.7333333333333333,0.8666666666666667,0.13333333333333333,9.5,29.93333333333333,181,0,0,0.006046355391333557
261,806829837604175872,311,91,7544,33.0,104,0.3666666666666665,0.3333333333333333,1.2,1502.7333333333331,1.933333333333333,721,0,0,0.004374337221633086
262,806806183210205185,310,80,3701,13.0,104,0.06666666666666668,1.0,0.1,9.266666666666667,17.966666666666665,70,0,0,0.0035125641718454473
263,807120750750486528,312,59,3203,18.0,104,0.0,1.0,0.0,2.466666666666667,17.7,72,0,0,0.00561973150171714
264,808221758171947008,315,105,2388,27.0,104,0.0,0.9666666666666668,0.1,10.233333333333333,29.83333333333333,55,0,0,0.011306532663316583
265,775296019,94,140,1278537,308.0,31,0.2,0.13333333333333333,2.466666666666667,682.7333333333332,0.1,78989,0,0,0.00024090034156227
266,4573405572,230,62,4695148,35.0,125,0.03333333333333333,0.2333333333333333,1.0,0.9,5.2,100971,0,0,7.45450409656948e-06
267,1850705408,151,135,277303,53.0,134,0.06666666666666668,0.26666666666666666,4.2,3.866666666666666,1.2666666666666666,25011,0,0,0.00019112667371070635
268,188335559,48,95,22776,24.0,103,0.0,0.26666666666666666,0.0,0.6666666666666666,2.3666666666666667,19632,0,0,0.001053740779768177
269,1479879002,136,134,11748,114.0,207,0.43333333333333335,0.16666666666666666,1.9,51.53333333333333,1.9,8886,0,0,0.009703779366700716
270,1466529715,124,138,11438,162.0,8,0.4,0.26666666666666666,1.5,150.06666666666666,6.9,5573,0,0,0.014163315264906452
271,712206099768717312,253,132,13109,248.0,23,0.7333333333333333,0.4,2.433333333333333,121.0,0.3333333333333333,9321,0,0,0.01891830040430239
272,1481703810,137,133,13844,290.0,202,0.4,0.5333333333333333,2.8666666666666667,18.166666666666668,1.3,13861,0,0,0.02094770297601849
273,1459496672,121,132,16544,536.0,170,0.3666666666666665,0.5333333333333333,2.566666666666667,15.433333333333335,0.8333333333333334,17075,0,0,0.03239845261121857
274,1469324900,125,133,8597,262.0,26,0.7333333333333333,0.4666666666666667,2.1333333333333333,12.633333333333333,2.066666666666667,10419,0,0,0.030475747353728044
275,710350435752652800,251,132,8367,117.0,32,0.13333333333333333,0.5333333333333333,1.9,11.4,14.566666666666665,14835,0,0,0.013983506633201864
276,4700682079,235,130,9803,266.0,71,0.7666666666666667,0.5,2.2666666666666666,62.1,9.9,11392,0,0,0.02713455064776089
277,1487131213,138,134,8768,237.0,24,0.7333333333333333,0.16666666666666666,2.466666666666667,34.03333333333333,0.2,16388,0,0,0.027030109489051095
278,734386032532180992,269,131,11318,26.0,2,0.5,0.4,1.7666666666666666,58.56666666666667,1.5,8235,0,0,0.002297225658243506
279,1459352503,120,135,15070,105.0,106,0.7,0.4,1.6666666666666667,65.43333333333334,11.233333333333333,7540,0,0,0.006967485069674851
280,1469369988,127,139,11608,293.0,2,0.13333333333333333,0.8333333333333334,3.333333333333333,19.066666666666666,6.533333333333332,5339,0,0,0.025241212956581667
281,733563892798914561,267,134,11917,143.0,2,0.2,0.3,1.8,24.6,1.3666666666666667,14825,0,0,0.011999664345053285
282,733920339621752832,268,132,12855,254.0,22,0.16666666666666666,0.3666666666666665,1.8666666666666667,27.566666666666666,4.333333333333333,11819,0,0,0.019758848697005057
283,1469631464,131,131,11105,350.0,64,0.2,0.26666666666666666,1.2333333333333334,25.03333333333333,4.2,20834,0,0,0.0315173345339937
284,712506719763632129,255,128,13598,641.0,205,0.5333333333333333,0.3333333333333333,2.5,56.46666666666667,3.3,11508,0,0,0.04713928518899838
285,1469571846,130,131,13968,197.0,94,0.16666666666666666,0.26666666666666666,1.4,29.566666666666666,1.4,13361,0,0,0.014103665521191295
286,1471554966,133,131,14937,220.0,156,0.43333333333333335,0.6333333333333333,4.0,42.3,0.26666666666666666,16757,0,0,0.014728526477873736
287,892378953167495168,350,0,2636,12.0,43,0.03333333333333333,0.4,3.966666666666667,0.2,0.3,2788,0,0,0.004552352048558422
288,1017624599847227392,429,152,100,2.0,151,0.0,1.0,0.0,0.0,0.1,6401,0,0,0.02
289,2954801713,189,115,180786,198.0,133,0.2,0.6333333333333333,0.7333333333333333,2133.366666666667,516.0,7160,0,0,0.001095217550031529
290,1052856242069262336,450,152,72,26.0,2,0.0,0.5666666666666667,0.2,0.06666666666666668,0.5666666666666667,19,0,0,0.3611111111111111
291,1045910214350753792,444,142,139,28.0,121,0.0,0.8,1.3666666666666667,0.0,0.6666666666666666,132,0,0,0.2014388489208633
292,992271865140817922,395,129,66,2.0,19,0.0,0.2,1.6333333333333333,0.03333333333333333,0.3666666666666665,9,0,0,0.030303030303030304
293,1044173249607688192,441,140,65,12.0,65,0.13333333333333333,0.1,0.13333333333333333,1.0,0.16666666666666666,5,0,0,0.18461538461538463
294,1010073330999685120,426,152,98,32.0,157,1.6,0.9,0.4,0.43333333333333335,1.5,271,0,0,0.32653061224489793
295,992669931144667138,396,157,113,4.0,176,0.1,0.2,0.16666666666666666,0.9,0.5,10,0,0,0.035398230088495575
296,972733324438450177,380,141,96,2.0,164,0.03333333333333333,1.3333333333333333,0.1,0.06666666666666668,1.6,33,0,0,0.020833333333333332
297,965563490961326080,377,156,135,52.0,149,0.13333333333333333,0.6666666666666666,1.6,0.3333333333333333,1.3,42,0,0,0.3851851851851852
298,973087029855768576,385,113,100,18.0,148,0.03333333333333333,0.3,0.3,0.13333333333333333,1.2333333333333334,11,0,0,0.18
299,973060224247652352,384,152,86,98.0,120,0.2,0.13333333333333333,0.8666666666666667,18.066666666666666,0.13333333333333333,20,0,0,1.1395348837209303
300,973122483862867968,386,139,81,73.0,2,0.16666666666666666,0.4,0.9,395.9333333333333,0.8666666666666667,31,0,0,0.9012345679012346
301,991981330576695296,394,159,42,6.0,2,0.0,0.03333333333333333,0.0,0.0,0.0,1,0,0,0.14285714285714285
302,972744340043804672,381,0,16,26.0,2,0.0,0.0,0.06666666666666668,0.0,0.0,2,0,0,1.625
303,973045477242540033,383,124,104,51.0,2,0.0,1.0,0.0,0.0,1.6666666666666667,60,0,0,0.49038461538461536
304,972755211524722688,382,146,132,53.0,93,0.06666666666666668,0.8,0.4666666666666667,1.7333333333333334,1.4666666666666666,380,0,0,0.4015151515151515
305,970591741131804672,379,156,54215,76.0,86,9.6,6.4,4.8,704.2666666666668,2009.0666666666666,432,0,0,0.001401826062897722
306,768012728447471620,284,86,11993,181.0,110,0.1,0.2,4.9,1.1,1.4666666666666666,14593,0,0,0.015092137079963312
307,4823608300,240,0,11,16.0,201,0.8666666666666667,0.0,1.5,1539.333333333333,0.0,114,0,0,1.4545454545454546
308,735473764390076417,271,0,27,15.0,2,0.2,0.1,0.6333333333333333,32.5,0.6333333333333333,9,0,0,0.5555555555555556
309,854277241483673600,335,13,23,67.0,76,0.5333333333333333,0.06666666666666668,2.1,247.1,0.1,216,0,0,2.9130434782608696
310,812235133667287040,321,115,1064,25.0,86,0.9333333333333332,1.0,0.5333333333333333,0.6666666666666666,1.2,15380,0,0,0.023496240601503758
311,1007848692886339586,412,0,69,9.0,2,0.5666666666666667,0.3,1.5333333333333334,329.6333333333333,0.0,58,0,0,0.13043478260869565
312,702729553282609153,250,121,12980,158.0,141,0.43333333333333335,1.1,0.8666666666666667,0.2,1.5333333333333334,79578,0,0,0.012172573189522341
313,3187933218,200,141,1228,217.0,110,0.2,0.4666666666666667,1.3333333333333333,607.3333333333334,0.9,12784,0,0,0.1767100977198697
314,97367270,28,133,794654,196.0,134,0.2,0.3333333333333333,1.2333333333333334,1425.9333333333334,369.0,17957,0,0,0.0002466482267754268
315,471741741,83,37,28809021,450.0,87,0.0,1.8666666666666667,0.4,3899.833333333334,17010.333333333332,23106,0,0,1.5620107326798785e-05
316,471741741,83,37,28809022,450.0,87,0.0,1.8666666666666667,0.4,3899.833333333334,17010.333333333332,23106,0,0,1.5620106784603796e-05
317,792319352846426118,302,160,31062,506.0,61,1.8666666666666667,0.9666666666666668,1.1333333333333333,12.566666666666665,35.53333333333333,13823,0,0,0.016290000643873544
318,78548416,25,85,2644,839.0,110,0.3,0.8333333333333334,0.3333333333333333,256.1666666666667,2.2666666666666666,19675,0,0,0.31732223903177004
319,2588841246,178,89,850148,121.0,109,0.03333333333333333,1.0,0.0,54.3,376.33333333333326,37877,0,0,0.00014232815933225745
320,18839785,3,23,46938934,2157.0,86,0.06666666666666668,2.0,0.2,8190.366666666668,31557.46666666667,23155,0,0,4.595332309847514e-05
321,2543109397,173,123,362841,224.0,133,0.8666666666666667,2.0,0.06666666666666668,14.3,67.6,12260,0,0,0.0006173502994424555
322,2314959096,159,37,3789087,41.0,86,0.5,0.6,0.8666666666666667,90.3,909.8666666666667,5860,0,0,1.0820548591256945e-05
323,742306410092990464,278,117,52161,214.0,86,0.9333333333333332,0.5,0.9666666666666668,9.866666666666667,21.83333333333333,10158,0,0,0.004102682080481586
324,948648084,101,143,555157,1767.0,134,0.7,0.4666666666666667,1.0333333333333334,121.23333333333332,13.433333333333335,12641,0,0,0.0031828834005515555
325,67378160,24,76,634501,46.0,86,8.933333333333334,4.0,1.3333333333333333,12.533333333333333,87.9,119712,0,0,7.249791568492405e-05
326,2543109397,173,123,362832,224.0,133,0.8666666666666667,2.0,0.06666666666666668,14.3,67.6,12260,0,0,0.0006173656127353706
327,1051809513509023744,448,149,215,111.0,125,0.03333333333333333,1.0,0.26666666666666666,0.9333333333333332,1.1,177,0,0,0.5162790697674419
328,1030512884638343168,435,154,726,68.0,98,0.3333333333333333,0.4666666666666667,1.9,6.2333333333333325,2.333333333333333,388,0,0,0.09366391184573003
329,1004993296840601600,407,0,295,52.0,2,0.03333333333333333,0.03333333333333333,0.03333333333333333,0.0,0.16666666666666666,3,0,0,0.17627118644067796
330,1002083800543674368,403,155,766,58.0,15,0.3,0.3,0.9666666666666668,4.966666666666667,0.7333333333333333,10,0,0,0.07571801566579635
331,1001825204191027201,402,160,675,75.0,92,0.5666666666666667,0.03333333333333333,1.4333333333333331,9.266666666666667,0.0,367,0,0,0.1111111111111111
332,1002158678991101952,404,131,304,31.0,2,0.0,0.03333333333333333,0.0,0.0,0.06666666666666668,1,0,0,0.10197368421052631
333,1002503446610640896,405,160,595,46.0,126,0.0,0.5666666666666667,0.5666666666666667,3.733333333333333,0.8,21,0,0,0.0773109243697479
334,811819383219552256,320,157,1187,43.0,33,0.8666666666666667,0.1,1.3333333333333333,47.63333333333333,0.8666666666666667,510,0,0,0.03622577927548441
335,959681983755546624,374,96,25080,24.0,12,0.7,1.1,4.9,63.0,195.6,2850,0,0,0.0009569377990430622
336,143766231,41,40,1156779,21.0,88,0.0,0.8666666666666667,6.266666666666668,0.6333333333333333,3.1333333333333333,153972,0,0,1.8153856527478454e-05
337,808542301815308289,317,160,1582,104.0,92,1.2333333333333334,0.3666666666666665,0.8,36.333333333333336,5.766666666666668,1127,0,0,0.06573957016434892
338,772720518172594176,285,78,5671,527.0,187,0.13333333333333333,0.6666666666666666,1.6666666666666667,814.6333333333333,22.066666666666666,1014,0,0,0.09292893669546817
339,878214131605794817,346,160,647,5.0,2,1.3,0.03333333333333333,1.3666666666666667,49.63333333333333,0.1,377,0,0,0.0077279752704791345
340,826333885210337280,327,159,335,24.0,2,0.9333333333333332,0.2,1.0333333333333334,47.76666666666666,3.333333333333333,591,0,0,0.07164179104477612
341,1005020379021127680,408,155,487,10.0,75,0.8,0.16666666666666666,1.5333333333333334,37.43333333333333,0.0,388,0,0,0.02053388090349076
342,842978276800835584,331,99,617706,10.0,55,1.8666666666666667,0.6,1.6666666666666667,1120.2333333333333,2005.166666666667,474,0,0,1.6188931303888904e-05
343,143766231,41,40,1156797,21.0,88,0.0,0.8666666666666667,6.266666666666668,0.6333333333333333,3.1333333333333333,153980,0,0,1.8153574049725232e-05
344,471741741,83,37,28809038,450.0,87,0.0,1.8666666666666667,0.4,3899.833333333334,17010.333333333332,23106,0,0,1.5620098109489113e-05
345,2541363451,170,36,2923138,131.0,142,0.0,1.3333333333333333,1.7333333333333334,1796.9,2001.533333333333,5212,0,0,4.481485307912251e-05
346,2541363451,170,36,2923139,131.0,142,0.0,1.3333333333333333,1.7333333333333334,1796.9,2001.533333333333,5212,0,0,4.4814837748050986e-05
347,1850705408,151,135,277326,53.0,134,0.06666666666666668,0.26666666666666666,4.2,3.866666666666666,1.2666666666666666,25012,0,0,0.00019111082264194486
348,3041294294,193,103,405932,1093.0,86,0.8,0.8,2.2666666666666666,2133.633333333333,3548.733333333333,3002,0,0,0.002692569198782062
349,754903076474068993,280,142,169684,83.0,191,0.3,0.2333333333333333,0.8666666666666667,1.8,14.233333333333333,59298,0,0,0.0004891445274745999
350,1461856819,122,143,21437,17.0,4,0.26666666666666666,0.13333333333333333,2.066666666666667,73.63333333333334,0.06666666666666668,12216,0,0,0.0007930214115781126
351,1398976800,117,138,17679,189.0,11,1.8,0.06666666666666668,3.733333333333333,76.33333333333333,0.0,47318,0,0,0.010690649923638215
352,3379557374,215,140,52021,94.0,115,0.6666666666666666,0.26666666666666666,3.1,21.033333333333328,0.2,27243,0,0,0.0018069625728071356
353,722685689515667456,261,141,23083,218.0,200,0.9,0.16666666666666666,1.8,31.5,0.0,27392,0,0,0.009444179699345839
354,735005700850520064,270,142,14034,93.0,16,0.6666666666666666,0.1,2.3,96.96666666666668,0.0,30117,0,0,0.006626763574176998
355,720101708,91,121,336692,1993.0,110,0.3666666666666665,0.3333333333333333,1.7,312.3666666666667,7.333333333333332,14237,0,0,0.005919356563268506
356,3259784640,206,149,90359,197.0,111,0.8333333333333334,0.1,2.6666666666666665,91.86666666666666,0.5333333333333333,5096,0,0,0.002180192343872774
357,1461970477,123,130,54608,411.0,141,0.5333333333333333,0.5666666666666667,2.433333333333333,17.533333333333335,2.8,77965,0,0,0.007526369762672136
358,2587265450,177,105,321941,73.0,109,0.6666666666666666,0.26666666666666666,2.033333333333333,188.53333333333333,0.0,4258,0,0,0.00022674962182511703
359,2587240482,176,141,2598964,224.0,109,0.7666666666666667,0.9,0.7333333333333333,72.76666666666667,497.73333333333335,18089,0,0,8.618818883216544e-05
360,421701259,76,159,32049,685.0,110,0.7666666666666667,1.0,0.2,3.1,8.733333333333333,52813,0,0,0.021373521794751785
361,4453205292,228,81,30081,4.0,110,1.2666666666666666,0.8666666666666667,0.2,0.2333333333333333,1.1333333333333333,188491,0,0,0.00013297430271600014
362,3269755580,210,137,13412,153.0,194,0.0,0.7666666666666667,4.5,2.6333333333333333,16.666666666666668,2317,0,0,0.011407694601849091
363,1070275900539879425,457,22,29,8.0,169,0.03333333333333333,0.1,0.1,0.03333333333333333,0.0,3,0,0,0.27586206896551724
364,865196715938164736,340,58,5385,44.0,132,1.1666666666666667,0.5,1.5333333333333334,127.66666666666669,11.6,105,0,0,0.008170844939647167
365,39240673,14,40,8254261,165.0,86,2.333333333333333,1.933333333333333,0.6,20.3,99.3,194592,0,0,1.9989675635408184e-05
366,18071358,1,152,4353545,45.0,86,0.3333333333333333,0.8666666666666667,0.03333333333333333,12.466666666666667,69.93333333333334,307263,0,0,1.0336404010984151e-05
367,42606652,16,148,7925050,436.0,86,0.6,1.0666666666666669,0.3,20.0,133.86666666666667,318083,0,0,5.5015425770184416e-05
368,321271735,66,81,604500,35.0,130,0.2,2.0,0.06666666666666668,63.4,245.8,116035,0,0,5.789909015715467e-05
369,721670057940631552,259,108,1548,1756.0,191,0.03333333333333333,1.0333333333333334,1.3666666666666667,0.4666666666666667,1.1666666666666667,64690,0,0,1.1343669250645996
370,767677235805511680,283,128,1566,958.0,110,0.4,1.0,0.6,3.4,4.533333333333333,14896,0,0,0.611749680715198
371,67378160,24,76,634524,46.0,86,8.933333333333334,4.0,1.3333333333333333,12.533333333333333,87.9,119712,0,0,7.24952878062926e-05
372,461841349,82,110,1868923,22.0,86,2.033333333333333,2.9,1.5,244.96666666666667,992.1666666666664,181029,0,0,1.1771485502613003e-05
373,98362607,29,47,1035839,89.0,86,2.033333333333333,2.0,1.5666666666666669,20.733333333333334,100.53333333333332,285844,0,0,8.592068844675669e-05
374,3266889528,209,138,7608,146.0,17,0.7333333333333333,0.7,1.9666666666666663,35.1,2.6333333333333333,4937,0,0,0.019190325972660356
375,1119864633110794240,498,139,17,761.0,216,0.0,0.9666666666666668,0.8666666666666667,0.0,0.4666666666666667,207,1,0,44.76470588235294
376,1099556638401486849,478,7,96,111.0,2,0.4666666666666667,0.5333333333333333,0.0,0.0,1.2,139,1,0,1.15625
377,978987895301263360,390,0,61,671.0,117,1.1,0.8333333333333334,1.1333333333333333,196.9333333333333,0.0,1090,1,0,11.0
378,1066182466669547520,453,47,15612,5799.0,2,0.0,0.3333333333333333,0.3,2376.2,7666.333333333332,205,1,0,0.37144504227517294
379,1049690686465949696,446,160,2380,3719.0,41,0.4,0.5333333333333333,1.2666666666666666,985.4333333333333,0.0,5485,1,0,1.5626050420168067
380,980500880,102,35,915,2834.0,38,0.1,0.8666666666666667,1.0,16810.866666666665,0.03333333333333333,11375,1,0,3.0972677595628415
381,731528022076104706,265,160,487,902.0,139,0.0,0.16666666666666666,2.2666666666666666,682.4,0.16666666666666666,4677,1,0,1.8521560574948666
382,2215677526,157,34,143,226.0,2,0.0,0.6,0.9333333333333332,20129.933333333334,0.0,11312,1,0,1.5804195804195804
383,969769260619849729,378,0,208,20.0,2,0.0,2.0,0.0,0.0,0.0,10663,1,0,0.09615384615384616
384,128137409,35,73,405,103.0,90,0.06666666666666668,0.5,0.9,2268.6,0.0,74552,1,0,0.254320987654321
385,3299703555,203,30,607,571.0,91,0.26666666666666666,0.3333333333333333,0.9333333333333332,2003.8,0.13333333333333333,42394,1,0,0.9406919275123559
386,926270599206449153,363,130,505,1014.0,138,0.0,0.5333333333333333,0.9666666666666668,4100.233333333334,0.16666666666666666,27987,1,0,2.007920792079208
387,1055696622,104,0,1755,2130.0,2,0.8333333333333334,1.7666666666666666,3.6,138.73333333333332,0.0,150696,1,0,1.2136752136752136
388,15944583,0,94,2450,5001.0,25,0.06666666666666668,0.8,0.3666666666666665,84.73333333333333,0.1,82106,1,0,2.041224489795918
389,976506198051770369,387,106,551,2177.0,84,0.13333333333333333,0.2,1.2333333333333334,2206.1666666666665,1.9,12113,1,0,3.9509981851179674
390,411633238,75,48,119,1305.0,36,0.3,0.7,1.1,23010.8,0.16666666666666666,1647,1,0,10.966386554621849
391,387530815,72,90,1338,1038.0,212,0.0,0.13333333333333333,1.933333333333333,141.5,0.6,15518,1,0,0.7757847533632287
392,1615959103,144,75,84,758.0,57,0.03333333333333333,0.3333333333333333,0.6,1054.8666666666666,0.26666666666666666,5554,1,0,9.023809523809524
393,1705648328,148,160,455,633.0,2,0.03333333333333333,0.6,1.4333333333333331,5417.9,1.8666666666666667,45093,1,0,1.3912087912087912
394,24609059,7,86,346,280.0,199,0.0,0.3666666666666665,0.9333333333333332,10612.333333333334,0.0,28061,1,0,0.8092485549132948
395,1052002764073644032,449,42,379,206.0,2,0.16666666666666666,0.6,1.0,5532.7,0.03333333333333333,11852,1,0,0.5435356200527705
396,4275982164,227,0,222,3839.0,185,0.26666666666666666,0.6666666666666666,1.0,701.3666666666667,0.06666666666666668,480,1,0,17.292792792792792
397,526338331,86,2,34,17.0,123,0.0,1.0,0.0,0.0,0.03333333333333333,2974,1,0,0.5
398,938064737228685313,369,35,88,87.0,116,0.0,0.3,0.8666666666666667,5075.133333333333,0.4666666666666667,4744,1,0,0.9886363636363636
399,429591499,77,143,1102,720.0,20,0.03333333333333333,0.5333333333333333,0.7666666666666667,4014.966666666666,0.6666666666666666,41572,1,0,0.6533575317604355
400,1103293122535055360,479,146,202,2945.0,127,0.0,0.13333333333333333,1.1,0.0,0.0,898,1,0,14.57920792079208
401,932297136649187328,366,0,67,85.0,119,0.03333333333333333,0.2,1.0,56.06666666666667,0.13333333333333333,1955,1,0,1.2686567164179106
402,756368198,93,0,200854,61.0,9,0.2333333333333333,0.9,2.0,56.9,0.0,226312,1,0,0.00030370318738984534
403,1098727923031232512,477,138,115,141.0,1,0.3,0.43333333333333335,0.9333333333333332,1570.466666666667,0.0,998,1,0,1.2260869565217392
404,978639658513870854,389,0,25,72.0,2,0.03333333333333333,0.2333333333333333,0.4,1789.3,0.7,16,1,0,2.88
405,997846240325873664,400,85,101,706.0,234,0.7,0.3666666666666665,0.8,151.76666666666668,0.43333333333333335,884,1,0,6.99009900990099
406,777436687215366145,288,25,36,151.0,236,0.1,0.3333333333333333,0.3666666666666665,109.86666666666666,0.03333333333333333,673,1,0,4.194444444444445
407,1020595512355909632,431,18,539,933.0,233,0.5,0.3,0.8,7763.933333333332,0.5333333333333333,114,1,0,1.730983302411874
408,741884987729797120,277,31,34,305.0,2,0.7333333333333333,1.0,0.5666666666666667,1247.2333333333333,0.03333333333333333,71,1,0,8.970588235294118
409,3158920291,198,73,29,83.0,2,1.4,0.4,0.8666666666666667,90.5,0.0,47,1,0,2.8620689655172415
410,45891442,19,22,85,830.0,211,0.4666666666666667,0.3666666666666665,1.0,2489.266666666667,0.3333333333333333,454,1,0,9.764705882352942
411,284115556,56,130,47,760.0,232,0.3333333333333333,0.43333333333333335,0.9333333333333332,5558.233333333334,0.3,625,1,0,16.170212765957448
412,929146968667930625,364,67,60,504.0,235,0.0,0.2333333333333333,0.5,0.6666666666666666,1.2,230,1,0,8.4
413,977936112881754128,388,0,8,173.0,2,0.3666666666666665,0.4666666666666667,0.7666666666666667,3221.833333333333,0.26666666666666666,90,1,0,21.625
414,936078261179752449,368,160,27,598.0,2,1.1666666666666667,0.5333333333333333,1.0333333333333334,671.2333333333332,0.0,2605,1,0,22.14814814814815
415,2566763209,174,123,293,734.0,66,0.43333333333333335,0.43333333333333335,1.2333333333333334,61.86666666666667,0.7666666666666667,2788,1,0,2.5051194539249146
416,896204815075868672,352,77,4,167.0,166,0.1,0.2,1.1666666666666667,313.06666666666666,0.16666666666666666,345,1,0,41.75
417,893179233349926913,351,0,3,191.0,2,0.0,0.0,0.03333333333333333,0.0,0.3666666666666665,1,1,0,63.666666666666664
418,996164363622010880,399,0,15,64.0,2,3.733333333333333,7.2,4.0,533.2666666666668,0.0,3374,1,0,4.266666666666667
419,20988107,5,157,4881,5040.0,29,0.13333333333333333,0.8,0.3333333333333333,4.7,15.8,3972,1,0,1.0325752919483713
420,293665956,59,8,512,1703.0,2,0.16666666666666666,0.7,0.8,258.06666666666666,0.3,4661,1,0,3.326171875
421,916281046433275904,360,76,33,39.0,52,0.0,0.06666666666666668,0.9333333333333332,11832.833333333336,0.1,1154,1,0,1.1818181818181819
422,1028765173488726016,434,142,641,4997.0,2,0.5666666666666667,0.8333333333333334,2.566666666666667,69.23333333333333,0.0,15551,1,0,7.795631825273011
423,1091621732262256640,471,0,35,14.0,2,0.0,1.0,0.0,0.03333333333333333,0.0,621,1,0,0.4
424,160694051,42,89,93833,730.0,189,0.8333333333333334,1.7666666666666666,0.1,2.7,14.566666666666665,15402,1,0,0.007779778969019428
425,1091930436325044224,472,0,37,12.0,2,0.0,1.0,0.0,0.03333333333333333,0.0,582,1,0,0.32432432432432434
426,45314456,18,40,1745,2809.0,35,0.4666666666666667,0.4666666666666667,0.9,1708.833333333333,0.06666666666666668,44761,1,0,1.6097421203438396
427,1108096967769493507,487,23,22,118.0,137,0.13333333333333333,0.3,1.5333333333333334,4341.066666666667,0.06666666666666668,960,1,0,5.363636363636363
428,946587035573374976,370,71,139,451.0,199,1.1,1.0,1.0333333333333334,70.96666666666667,0.0,4049,1,0,3.2446043165467624
429,803747526947934208,305,0,6,346.0,107,0.5333333333333333,0.9666666666666668,0.4666666666666667,663.2666666666668,0.03333333333333333,52,1,0,57.666666666666664
430,373499539,70,51,134288,23.0,2,1.0,1.0,0.0,0.3333333333333333,3.6,51194,1,0,0.00017127368044799238
431,1109111655051358208,490,4,63,51.0,2,13.0,1.0,0.0,0.0,0.43333333333333335,192,1,0,0.8095238095238095
432,1110170635076927488,492,61,645,404.0,39,2.533333333333333,0.43333333333333335,0.13333333333333333,24.66666666666667,23.86666666666667,18,1,0,0.6263565891472869
433,1107839987679182849,486,0,4,29.0,2,4.233333333333333,0.06666666666666668,0.9333333333333332,61.86666666666667,0.16666666666666666,53,1,0,7.25
434,4149386374,225,155,117165,673.0,204,4.7,1.0333333333333334,0.0,0.13333333333333333,0.6666666666666666,306609,1,0,0.005744036188281483
435,441273690,79,17,171,630.0,190,1.0,0.9,1.4333333333333331,56.7,0.0,11312,1,0,3.6842105263157894
436,390781513,74,44,955675,2215.0,2,1.2,1.0,1.6666666666666667,51.56666666666667,0.0,1150378,1,0,0.002317733539121563
437,826089159500627968,326,15,21,491.0,53,0.13333333333333333,0.9666666666666668,1.2666666666666666,614.0666666666667,0.03333333333333333,1231,1,0,23.38095238095238
438,437250059,78,0,65,45.0,2,0.0,2.0,0.0,0.0,0.03333333333333333,5396,1,0,0.6923076923076923
439,1098024844938133507,476,58,43,310.0,2,0.4,2.4,3.0,244.16666666666663,0.0,1557,1,0,7.209302325581396
440,274866253,55,88,2394,4269.0,51,0.0,0.13333333333333333,1.0666666666666669,20.933333333333334,0.03333333333333333,23384,1,0,1.7832080200501252
441,1050291867449868289,447,0,31,163.0,2,0.2,0.9,1.2666666666666666,294.3666666666667,0.0,1265,1,0,5.258064516129032
442,816991980,96,25,2133,2077.0,231,0.0,0.7333333333333333,0.8666666666666667,11545.4,0.03333333333333333,68090,1,0,0.9737458977965308
443,1118587514804002816,496,79,118,7.0,2,0.0,0.13333333333333333,0.7666666666666667,337.46666666666664,0.9333333333333332,62,1,0,0.059322033898305086
444,1077524688283279360,462,0,7,50.0,2,2.6,0.4,0.9666666666666668,24.73333333333333,0.03333333333333333,53,1,0,7.142857142857143
445,906866746606329861,357,19,186,204.0,144,0.0,0.3,0.43333333333333335,2315.6,1.3,5787,1,0,1.096774193548387
446,2749306087,182,0,75,21.0,2,0.0,2.0,0.0,0.0,0.0,5195,1,0,0.28
447,1085621381671407616,466,156,460,675.0,40,7.833333333333332,1.0,0.0,0.0,0.03333333333333333,1188,1,0,1.4673913043478262
448,1089530900935831552,468,0,790,2.0,2,0.03333333333333333,0.8333333333333334,0.8666666666666667,2082.5333333333333,0.8666666666666667,197,1,0,0.002531645569620253
449,2597697475,180,68,2301,2535.0,2,0.3333333333333333,0.6,0.9333333333333332,11348.1,0.0,28746,1,0,1.1016949152542372
450,1096865064483721216,475,49,786,345.0,2,0.06666666666666668,0.7666666666666667,0.9,7634.4,0.4,5975,1,0,0.4389312977099237
451,2428627495,164,44,237,249.0,2,0.3666666666666665,0.3666666666666665,0.5,139.4,1.0666666666666669,28085,1,0,1.0506329113924051
452,1108525953410654208,488,9,7,85.0,2,2.0,0.6666666666666666,1.1,1056.2,0.03333333333333333,53,1,0,12.142857142857142
453,850280815955148800,333,36,193,942.0,172,1.0666666666666669,0.8333333333333334,1.1666666666666667,30.6,0.0,2448,1,0,4.880829015544041
454,1067513318875766784,454,0,11,84.0,2,1.6666666666666667,0.0,0.3,6.333333333333332,0.0,16,1,0,7.636363636363637
455,901724389,99,30,54,0.0,2,0.0,1.0,0.0,0.0,0.0,3617,1,0,0.0
456,1070548068188282880,458,102,1720,132.0,143,1.3,0.26666666666666666,0.8,2.6,17.466666666666665,459,1,0,0.07674418604651163
457,896835114461560832,353,149,1231,2164.0,69,0.06666666666666668,0.3,2.333333333333333,1227.0333333333333,0.0,30435,1,0,1.7579203899268887
458,1082515140518371328,464,100,3901,236.0,129,0.0,0.3333333333333333,0.7333333333333333,2881.633333333333,0.9333333333333332,5378,1,0,0.06049730838246604
459,2876232537,186,1,23,133.0,2,0.03333333333333333,0.6333333333333333,0.8666666666666667,10255.9,0.5666666666666667,476,1,0,5.782608695652174
460,1105189919981395973,482,0,5,108.0,2,1.1666666666666667,0.9666666666666668,2.2,449.03333333333336,0.0,40,1,0,21.6
461,1108787990933983232,489,29,77,208.0,2,0.03333333333333333,0.3333333333333333,1.0333333333333334,815.5,0.5,104,1,0,2.7012987012987013
462,4582514543,232,4,16,360.0,14,0.06666666666666668,0.13333333333333333,0.1,0.0,0.16666666666666666,8,1,0,22.5
463,1031279415945310209,436,0,141,1724.0,2,0.0,0.06666666666666668,0.0,0.06666666666666668,0.16666666666666666,2,1,0,12.22695035460993
464,722440246156242946,260,0,79,28.0,2,0.0,2.0,0.0,0.0,0.0,5238,1,0,0.35443037974683544
465,861551506633482241,337,131,2155,706.0,52,1.0333333333333334,1.5,0.0,0.1,0.16666666666666666,8283,1,0,0.32761020881670533
466,1107638239760793605,485,115,26,41.0,2,0.4,0.8333333333333334,0.3666666666666665,31.83333333333333,2.7666666666666666,119,1,0,1.5769230769230769
467,2188042480,156,139,3038,2071.0,62,0.03333333333333333,0.2,1.0333333333333334,0.03333333333333333,1.8333333333333333,130618,1,0,0.6816984858459513
468,889524975622922240,349,7,100,1320.0,203,1.2666666666666666,0.8333333333333334,1.1,173.23333333333332,0.0,16384,1,0,13.2
469,785974295709167617,291,160,12,143.0,147,0.2,0.9333333333333332,0.8,23.13333333333333,0.9666666666666668,641,1,0,11.916666666666666
470,43606177,17,0,953,249.0,2,0.2333333333333333,0.7,0.7666666666666667,536.1,3.733333333333333,6308,1,0,0.26128016789087094
471,4832188317,241,142,39,58.0,0,0.0,0.1,1.3666666666666667,0.0,0.2,424,1,0,1.4871794871794872
472,185762468,47,0,33,25.0,2,0.0,1.0,0.0,0.0,0.0,2957,1,0,0.7575757575757576
473,315682622,64,0,158,1410.0,219,0.0,1.0,0.0,0.03333333333333333,0.0,6639,1,0,8.924050632911392
474,933501885415243776,367,0,11,258.0,2,0.0,0.5333333333333333,1.0333333333333334,557.1,0.13333333333333333,1067,1,0,23.454545454545453
475,1074463898806427649,460,134,125,493.0,114,1.1,0.8333333333333334,1.0,10.833333333333336,0.0,4830,1,0,3.944
476,1111907606136795136,493,0,118,1187.0,2,0.5,0.9666666666666668,1.6333333333333333,322.73333333333335,0.0,4787,1,0,10.059322033898304
477,1113855014898941952,495,0,10,173.0,2,2.6,0.6333333333333333,1.0,61.23333333333333,0.0,56,1,0,17.3
478,3265486770,208,0,194,1045.0,42,0.1,0.9,1.5333333333333334,662.7333333333332,0.0,2213,1,0,5.38659793814433
479,1061032949414543360,452,126,381,1448.0,186,1.1333333333333333,0.6333333333333333,1.0666666666666669,5.7,0.06666666666666668,1630,1,0,3.800524934383202
480,2535327983,169,0,818,493.0,214,0.0,0.26666666666666666,0.7,2169.2,1.0,38322,1,0,0.6026894865525673
481,954558496497963008,372,160,1650,1032.0,208,0.7333333333333333,0.5666666666666667,1.1333333333333333,149.96666666666667,0.03333333333333333,11622,1,0,0.6254545454545455
482,1045304106934571008,443,78,108388,590.0,152,0.2333333333333333,0.9333333333333332,1.0666666666666669,49.5,9.833333333333334,66448,1,0,0.0054434070192272204
483,1093527627699273738,473,0,5,79.0,2,1.5666666666666669,0.8666666666666667,1.3,2205.6,0.0,143,1,0,15.8
484,1120038370669944833,499,0,7,354.0,2,0.2333333333333333,1.0,1.6333333333333333,161.76666666666668,0.0,127,1,0,50.57142857142857
485,181081093,46,91,982,1920.0,198,0.06666666666666668,0.3333333333333333,0.7666666666666667,39.23333333333333,195.8,24601,1,0,1.955193482688391
486,1013543195542683648,427,35,336,202.0,153,0.0,0.5,0.6,0.6333333333333333,0.5,9123,1,0,0.6011904761904762
487,58175844,21,160,332,3215.0,37,0.3333333333333333,0.7666666666666667,1.3,2.6,0.03333333333333333,10395,1,0,9.683734939759036
488,2325074985,161,0,72,22.0,220,0.0,2.0,0.0,0.0,0.13333333333333333,5206,1,0,0.3055555555555556
489,1032733495637012480,438,52,2355,1905.0,2,0.43333333333333335,0.6333333333333333,1.6,7.333333333333332,0.26666666666666666,117432,1,0,0.8089171974522293
490,882701652,98,0,26,7.0,2,0.0,1.0,0.0,0.0,0.0,2867,1,0,0.2692307692307692
491,1080101846998499328,463,9,38,66.0,2,0.0,0.4666666666666667,0.16666666666666666,1155.4333333333334,0.16666666666666666,1285,1,0,1.736842105263158
492,314903453,63,11,1117,531.0,21,0.06666666666666668,0.3333333333333333,0.7333333333333333,748.2333333333332,0.16666666666666666,227879,1,0,0.4753804834377798
493,4780618703,238,137,2298,3294.0,189,1.9666666666666663,0.5333333333333333,1.3666666666666667,32.766666666666666,0.0,21429,1,0,1.433420365535248
494,3006991461,192,0,151,1308.0,2,0.06666666666666668,1.933333333333333,2.0,59.46666666666667,0.0,7541,1,0,8.66225165562914
495,489966217,84,38,19,13.0,217,0.0,1.0,0.0,0.0,0.0,3154,1,0,0.6842105263157895
496,333328395,67,0,50,2.0,2,0.0,2.0,0.0,0.0,0.0,3467,1,0,0.04
497,615348740,89,16,596,2060.0,190,0.2,0.8,1.1,7514.1,0.0,31825,1,0,3.4563758389261743
498,4497937641,229,0,980,4690.0,165,1.2666666666666666,0.6333333333333333,1.5333333333333334,50.1,0.06666666666666668,13211,1,0,4.785714285714286
499,437250059,78,0,65,45.0,2,0.0,2.0,0.0,0.0,0.03333333333333333,5406,1,0,0.6923076923076923
500,797897394306379777,304,143,596,5000.0,85,0.9,0.4,0.9666666666666668,27.466666666666665,0.3333333333333333,1555,1,0,8.389261744966444
501,32908791,10,22,234,314.0,177,0.03333333333333333,0.2333333333333333,1.2666666666666666,5248.433333333333,0.3,4910,1,0,1.3418803418803418
502,1118980381967958016,497,3,3,17.0,2,0.6666666666666666,0.7666666666666667,1.0,19.5,0.0,98,1,0,5.666666666666667
503,2325074985,161,0,72,22.0,220,0.0,2.0,0.0,0.0,0.13333333333333333,5210,1,0,0.3055555555555556
504,4897817656,249,0,86,1.0,2,0.0,1.0,0.0,0.0,0.0,5234,1,0,0.011627906976744186
505,2766366858,183,119,401,806.0,83,0.8666666666666667,0.8666666666666667,1.933333333333333,34.93333333333333,0.0,7835,1,0,2.0099750623441395
506,1360644042,115,7,2282,1501.0,210,0.0,0.4,0.5666666666666667,18.433333333333334,1.3666666666666667,16096,1,0,0.6577563540753725
507,18379967,2,91,1074,3164.0,2,0.2333333333333333,0.4,0.7666666666666667,40.06666666666667,0.2,43128,1,0,2.9459962756052143
508,2515252834,168,0,146,26.0,218,0.0,1.0,0.0,0.0,0.0,5220,1,0,0.1780821917808219
509,734532902,92,68,73,39.0,2,0.0,1.0,0.0,0.0,0.0,4163,1,0,0.5342465753424658
510,2749306087,182,0,75,21.0,2,0.0,2.0,0.0,0.0,0.0,5204,1,0,0.28
511,2429243705,163,139,187,269.0,2,0.0,0.3333333333333333,0.9666666666666668,3365.666666666666,0.03333333333333333,2154,1,0,1.4385026737967914
512,1568044428,140,0,172,4.0,2,0.0,1.0,0.0,0.0,0.0,2871,1,0,0.023255813953488372
513,526798952,87,2,589,501.0,108,0.0,0.5333333333333333,0.8333333333333334,16052.4,0.2333333333333333,9199,1,0,0.8505942275042445
514,2973050927,191,0,65,0.0,2,0.0,1.0,0.0,0.0,0.0,5209,1,0,0.0
515,2973050927,191,0,65,0.0,2,0.0,1.0,0.0,0.0,0.0,5210,1,0,0.0
516,969769260619849729,378,0,208,20.0,2,0.0,2.0,0.0,0.0,0.0,10679,1,0,0.09615384615384616
517,979761288896286727,391,0,94,2.0,2,0.0,1.0,0.0,0.0,0.0,6589,1,0,0.02127659574468085
518,1313903430,110,149,428,25.0,82,0.03333333333333333,0.7333333333333333,0.9666666666666668,3099.0333333333333,0.03333333333333333,167090,1,0,0.05841121495327103
519,714472738572861440,256,0,92,2.0,2,0.0,1.0,0.0,0.0,0.0,5289,1,0,0.021739130434782608
520,3251637472,201,62,72,36.0,2,0.0,1.0,0.0,0.0,0.03333333333333333,5312,1,0,0.5
521,293312470,58,0,32,1.0,2,0.0,1.0,0.0,0.0,0.0,6220,1,0,0.03125
522,333328395,67,0,50,2.0,2,0.0,2.0,0.0,0.0,0.0,3473,1,0,0.04
523,913187808,100,73,238,243.0,118,0.3333333333333333,0.4666666666666667,1.3,3892.1,8.666666666666666,14136,1,0,1.0210084033613445
524,1109112293906759680,491,4,90,48.0,2,13.0,1.0,0.0,0.0,0.43333333333333335,191,1,0,0.5333333333333333
525,385004087,71,0,59,15.0,2,0.0,1.0,0.0,0.0,0.0,5257,1,0,0.2542372881355932
526,722440246156242946,260,0,79,28.0,2,0.0,2.0,0.0,0.0,0.0,5232,1,0,0.35443037974683544
527,301394800,60,102,74,15.0,155,0.0,1.0,0.0,0.0,0.03333333333333333,5849,1,0,0.20270270270270271
528,4038287489,223,0,33,25.0,2,0.0,1.0333333333333334,0.0,0.0,0.0,2882,1,0,0.7575757575757576
529,856826370,97,52,1093,1150.0,47,1.0666666666666669,0.9333333333333332,2.6666666666666665,45.7,0.0,40025,1,0,1.052150045745654
530,1096395999206092800,474,0,130,375.0,2,0.16666666666666666,0.7,1.6,91.36666666666666,0.0,78,1,0,2.8846153846153846
531,1074910019273936896,461,0,1,47.0,2,0.06666666666666668,1.0333333333333334,1.4333333333333331,740.5,0.0,132,1,0,47.0
532,211267565,49,20,15112,4390.0,2,0.0,2.0,0.0,0.26666666666666666,0.8666666666666667,140861,1,0,0.29049761778718897
533,3326781993,205,0,101,0.0,2,0.0,1.0,0.0,0.0,0.0,5360,1,0,0.0
534,1023557841305698306,432,67,449,662.0,2,0.26666666666666666,0.6333333333333333,1.1666666666666667,7.8,0.3666666666666665,606,1,0,1.4743875278396437
535,863879485942358018,338,5,114,310.0,2,0.6666666666666666,0.8666666666666667,1.0333333333333334,49.33333333333334,0.0,5553,1,0,2.719298245614035
536,950168283252215810,371,0,222,179.0,2,0.3333333333333333,1.0666666666666669,1.7666666666666666,113.53333333333332,0.0,44675,1,0,0.8063063063063063
537,3865693940,222,124,1279,4418.0,190,1.933333333333333,1.8,3.466666666666667,385.26666666666665,0.0,39847,1,0,3.45426114151681
538,1103478083636641792,480,0,18,0.0,2,8.633333333333333,1.0333333333333334,0.0,0.0,0.16666666666666666,114,1,0,0.0
539,1069718685009498120,456,0,101,2075.0,2,0.43333333333333335,0.8333333333333334,1.1,412.66666666666674,0.0,1137,1,0,20.544554455445546
540,2578792763,172,25,15,374.0,206,2.8666666666666667,1.8666666666666667,2.6,1112.9,0.0,3290,1,0,24.933333333333334
541,1074083792464347137,459,45,4012,18.0,2,0.13333333333333333,1.0,0.0,1.1,5.366666666666666,3216,1,0,0.00448654037886341
542,3194842340,202,108,638,2203.0,2,0.0,1.0,1.0,18.366666666666667,0.0,30015,1,0,3.4529780564263324
543,2946128115,187,66,1202,3852.0,2,0.3666666666666665,0.8666666666666667,1.5,183.56666666666663,0.0,35916,1,0,3.2046589018302827
544,1112967538814734338,494,36,85,398.0,146,0.6666666666666666,0.9333333333333332,1.8333333333333333,69.13333333333334,0.0,405,1,0,4.682352941176471
545,1031540449784291329,437,110,796,109.0,196,1.933333333333333,0.6333333333333333,1.6666666666666667,4.0,1.933333333333333,2173,1,0,0.13693467336683418
546,101641624,30,0,65,571.0,2,0.0,0.9,1.0,196.16666666666663,0.0,3004,1,0,8.784615384615385
547,956015377888305152,373,0,393,3734.0,2,0.7666666666666667,1.0666666666666669,1.1,158.7,0.0,9382,1,0,9.501272264631043
548,1103478268919980035,481,0,12,0.0,2,8.233333333333333,1.0333333333333334,0.0,0.0,0.3333333333333333,114,1,0,0.0
549,1036466998446710786,440,0,19,44.0,2,0.7666666666666667,0.8,1.4,97.53333333333332,0.0,1845,1,0,2.3157894736842106
550,125706019,34,96,2305,2587.0,2,0.1,0.7,1.1,22.43333333333333,0.06666666666666668,143508,1,0,1.1223427331887201
551,1055696622,104,0,1755,2130.0,2,0.8333333333333334,1.7666666666666666,3.6,138.73333333333332,0.0,150737,1,0,1.2136752136752136
