,userFollowerCount,userFollowingCount,userBiographyLength,userMediaCount,userHasProfilPic,userIsPrivate,usernameDigitCount,usernameLength,isFake,Follower_to_Following_ratio
0,258,238,0,0,1,0,0,10,0,1.084033613445378
1,263,482,30,29,1,1,0,8,0,0.5456431535269709
2,51,78,9,0,1,1,0,10,0,0.6538461538461539
3,297,480,22,25,1,1,2,9,0,0.61875
4,113,242,0,95,1,1,0,10,0,0.4669421487603306
5,545,995,26,340,1,1,0,8,0,0.5477386934673367
6,52,121,0,30,1,1,0,9,0,0.4297520661157025
7,1038,6640,0,156,1,0,0,12,0,0.15632530120481927
8,172,227,51,10,1,0,0,10,0,0.7577092511013216
9,101,114,14,4,1,1,0,15,0,0.8859649122807017
10,250,247,31,4,1,0,0,7,0,1.0121457489878543
11,413,677,0,38,1,1,0,15,0,0.6100443131462334
12,172,187,1,7,1,1,0,10,0,0.9197860962566845
13,337,455,0,2,1,1,0,14,0,0.7406593406593407
14,114,155,29,8,1,1,2,12,0,0.7354838709677419
15,174,165,0,76,1,1,1,9,0,1.0545454545454545
16,372,362,36,13,1,1,0,7,0,1.0276243093922652
17,338,330,41,17,1,0,0,12,0,1.0242424242424242
18,2207,593,47,198,1,0,0,15,0,3.721753794266442
19,449,410,19,19,1,1,0,8,0,1.0951219512195123
20,594,863,105,276,1,1,0,9,0,0.6882966396292005
21,679,764,23,39,1,1,0,11,0,0.8887434554973822
22,569,539,41,95,1,1,0,11,0,1.0556586270871986
23,540,543,0,73,1,1,0,12,0,0.994475138121547
24,441,368,25,30,1,1,0,8,0,1.1983695652173914
25,570,455,37,120,1,1,0,10,0,1.2527472527472527
26,368,1114,16,69,1,0,0,8,0,0.3303411131059246
27,634,648,59,21,1,0,0,9,0,0.9783950617283951
28,687,539,18,78,1,0,0,9,0,1.274582560296846
29,579,413,36,221,1,0,0,11,0,1.4019370460048426
30,752,726,0,312,1,1,0,12,0,1.0358126721763086
31,861,686,0,323,1,0,0,9,0,1.2551020408163265
32,535,368,122,49,1,1,0,18,0,1.453804347826087
33,1872,1806,39,374,1,1,0,11,0,1.0365448504983388
34,257,149,33,39,1,0,0,7,0,1.7248322147651007
35,3140,496,63,807,1,1,0,5,0,6.330645161290323
36,491,745,0,373,1,1,3,16,0,0.6590604026845638
37,434,528,23,93,1,1,0,9,0,0.821969696969697
38,1073,837,0,49,1,1,0,14,0,1.2819593787335724
39,1532,1431,57,313,1,1,0,11,0,1.0705800139762405
40,737,875,87,53,1,0,0,10,0,0.8422857142857143
41,335,353,26,2,1,1,0,14,0,0.9490084985835694
42,399,364,47,9,1,1,0,16,0,1.0961538461538463
43,310,330,0,0,1,1,1,5,0,0.9393939393939394
44,392,379,21,8,1,0,0,13,0,1.0343007915567282
45,163,186,0,0,1,1,0,8,0,0.8763440860215054
46,642,707,8,10,1,1,0,12,0,0.9080622347949081
47,594,800,28,21,1,1,0,12,0,0.7425
48,295,302,11,2,1,1,0,11,0,0.9768211920529801
49,377,539,76,40,1,0,0,11,0,0.699443413729128
50,345,393,0,2,1,1,0,8,0,0.8778625954198473
51,667,660,0,20,1,1,0,7,0,1.0106060606060605
52,347,610,44,14,1,1,2,14,0,0.5688524590163935
53,340,378,27,9,1,1,0,12,0,0.8994708994708994
54,1136,976,110,188,1,1,0,10,0,1.1639344262295082
55,206,201,10,16,1,1,0,9,0,1.0248756218905473
56,873,913,66,52,1,1,1,15,0,0.9561883899233297
57,289,224,59,10,1,1,0,16,0,1.2901785714285714
58,510,594,0,25,1,1,0,11,0,0.8585858585858586
59,804,648,2,29,1,1,0,13,0,1.2407407407407407
60,542,531,41,78,1,1,0,14,0,1.0207156308851224
61,516,555,57,39,1,1,0,12,0,0.9297297297297298
62,472,431,32,59,1,1,0,9,0,1.0951276102088168
63,138,124,10,2,1,1,0,13,0,1.1129032258064515
64,201,317,79,14,1,1,0,8,0,0.6340694006309149
65,234,242,4,11,1,1,0,11,0,0.9669421487603306
66,302,306,27,37,1,1,0,11,0,0.9869281045751634
67,586,779,0,88,1,0,0,9,0,0.7522464698331194
68,260,410,0,3,1,1,0,7,0,0.6341463414634146
69,377,508,0,25,1,1,0,10,0,0.7421259842519685
70,561,508,45,114,1,0,0,9,0,1.1043307086614174
71,720,643,16,93,1,1,0,13,0,1.119751166407465
72,413,677,0,38,1,1,0,15,0,0.6100443131462334
73,415,416,67,45,1,1,0,9,0,0.9975961538461539
74,247,289,35,70,1,1,0,14,0,0.8546712802768166
75,321,391,0,1,1,1,0,12,0,0.8209718670076727
76,847,652,6,83,1,0,0,7,0,1.299079754601227
77,312,323,22,12,1,1,0,7,0,0.9659442724458205
78,535,426,13,60,1,0,0,12,0,1.255868544600939
79,323,326,28,8,1,1,0,9,0,0.99079754601227
80,521,1282,0,156,1,1,0,13,0,0.40639625585023403
81,258,286,24,5,1,1,0,9,0,0.9020979020979021
82,306,329,128,11,1,1,0,9,0,0.9300911854103343
83,256,307,6,12,1,1,0,11,0,0.8338762214983714
84,346,303,14,16,1,0,0,11,0,1.141914191419142
85,300,267,15,22,1,0,0,10,0,1.1235955056179776
86,230,230,8,2,1,1,0,12,0,1.0
87,516,538,10,20,1,1,0,14,0,0.9591078066914498
88,257,254,76,26,1,1,0,7,0,1.0118110236220472
89,334,411,40,21,1,0,0,16,0,0.8126520681265207
90,195,396,27,31,1,1,0,14,0,0.49242424242424243
91,740,940,53,483,1,1,0,9,0,0.7872340425531915
92,340,343,0,8,1,1,0,11,0,0.9912536443148688
93,404,461,0,1,1,0,0,15,0,0.8763557483731019
94,197,320,0,9,1,1,0,10,0,0.615625
95,474,410,74,33,1,1,0,14,0,1.1560975609756097
96,213,153,19,209,1,1,0,8,0,1.392156862745098
97,936,706,35,61,1,1,1,16,0,1.3257790368271956
98,207,196,0,7,1,1,0,11,0,1.0561224489795917
99,77,92,0,0,1,1,0,10,0,0.8369565217391305
100,453,528,24,75,1,1,0,15,0,0.8579545454545454
101,293,339,12,92,1,1,0,10,0,0.8643067846607669
102,473,497,8,16,1,1,0,12,0,0.9517102615694165
103,379,436,7,56,1,1,0,12,0,0.8692660550458715
104,642,776,85,236,1,1,4,15,0,0.8273195876288659
105,350,393,26,19,1,1,0,8,0,0.8905852417302799
106,167,184,33,10,1,1,2,10,0,0.907608695652174
107,301,444,81,60,1,1,0,6,0,0.6779279279279279
108,536,504,74,134,1,1,0,15,0,1.0634920634920635
109,374,311,0,23,1,1,0,10,0,1.202572347266881
110,342,343,50,56,1,1,2,6,0,0.9970845481049563
111,673,587,41,11,1,1,0,11,0,1.1465076660988074
112,426,486,60,110,1,0,0,12,0,0.8765432098765432
113,593,923,13,34,1,1,0,9,0,0.6424702058504875
114,313,280,0,13,1,0,0,15,0,1.1178571428571429
115,292,447,0,47,1,1,0,10,0,0.6532438478747203
116,95,106,0,0,1,1,0,7,0,0.8962264150943396
117,186,217,14,5,1,0,0,12,0,0.8571428571428571
118,275,602,43,25,1,1,0,8,0,0.4568106312292359
119,96,174,0,1,0,1,0,15,0,0.5517241379310345
120,322,1496,0,53,0,1,4,10,0,0.21524064171122995
121,371,376,0,3,1,1,0,6,0,0.9867021276595744
122,153,180,17,6,1,1,0,11,0,0.85
123,585,576,0,43,1,1,0,12,0,1.015625
124,486,578,0,3,1,0,4,17,0,0.8408304498269896
125,402,524,3,79,1,1,0,8,0,0.767175572519084
126,527,527,25,10,1,1,4,10,0,1.0
127,237,283,0,0,1,1,0,10,0,0.8374558303886925
128,321,330,32,8,1,1,0,6,0,0.9727272727272728
129,274,267,19,3,1,1,0,10,0,1.0262172284644195
130,262,522,0,11,1,0,2,11,0,0.5019157088122606
131,109,115,0,0,1,1,0,18,0,0.9478260869565217
132,425,477,4,137,1,1,0,11,0,0.8909853249475891
133,36,315,10,0,1,0,0,11,0,0.11428571428571428
134,1206,962,0,141,1,1,0,11,0,1.2536382536382535
135,156,199,42,2,1,0,0,11,0,0.7839195979899497
136,284,361,45,41,1,1,0,19,0,0.7867036011080333
137,225,446,0,53,1,0,0,11,0,0.5044843049327354
138,346,390,14,8,1,1,0,9,0,0.8871794871794871
139,339,378,61,1,1,1,0,15,0,0.8968253968253969
140,760,577,20,15,1,0,0,9,0,1.317157712305026
141,218,221,10,8,1,1,0,15,0,0.9864253393665159
142,319,328,23,6,1,1,0,11,0,0.9725609756097561
143,507,493,59,25,1,1,0,12,0,1.028397565922921
144,562,691,18,21,1,1,0,12,0,0.8133140376266281
145,524,510,0,18,1,1,0,9,0,1.0274509803921568
146,252,579,0,0,1,1,0,14,0,0.43523316062176165
147,181,199,0,3,0,1,1,21,0,0.9095477386934674
148,182,188,19,24,1,1,0,7,0,0.9680851063829787
149,777,582,22,29,1,0,0,13,0,1.3350515463917525
150,257,281,17,11,1,1,0,8,0,0.9145907473309609
151,109,104,22,20,1,0,0,13,0,1.0480769230769231
152,127,142,0,6,1,1,0,13,0,0.8943661971830986
153,611,412,139,12,1,1,0,13,0,1.483009708737864
154,136,365,0,19,1,1,0,14,0,0.3726027397260274
155,264,265,34,4,1,1,0,10,0,0.9962264150943396
156,447,387,12,31,1,1,0,12,0,1.1550387596899225
157,225,256,0,1,1,1,0,10,0,0.87890625
158,278,672,25,21,1,1,0,15,0,0.41369047619047616
159,152,221,0,117,1,0,0,11,0,0.6877828054298643
160,616,718,0,35,1,1,0,12,0,0.8579387186629527
161,357,369,65,6,1,1,0,11,0,0.967479674796748
162,38,158,0,1,0,1,0,14,0,0.24050632911392406
163,199,197,74,6,1,0,0,10,0,1.0101522842639594
164,452,385,49,172,1,0,0,6,0,1.174025974025974
165,265,312,93,53,1,1,0,9,0,0.8493589743589743
166,485,510,115,24,1,1,0,13,0,0.9509803921568627
167,247,236,1,12,1,1,0,12,0,1.0466101694915255
168,696,769,30,11,1,0,3,16,0,0.9050715214564369
169,342,286,35,18,1,1,0,13,0,1.1958041958041958
170,189,272,0,8,1,1,0,12,0,0.6948529411764706
171,487,788,44,43,1,1,0,8,0,0.618020304568528
172,68,75,0,17,1,0,0,15,0,0.9066666666666666
173,354,363,10,40,1,0,0,11,0,0.9752066115702479
174,334,499,34,30,1,1,0,12,0,0.6693386773547094
175,304,321,32,23,1,1,0,11,0,0.9470404984423676
176,226,248,42,19,1,0,0,6,0,0.9112903225806451
177,265,319,21,58,1,1,0,11,0,0.8307210031347962
178,527,498,40,42,1,1,1,11,0,1.0582329317269077
179,327,524,0,24,1,1,0,13,0,0.6240458015267175
180,173,195,4,0,1,1,0,14,0,0.8871794871794871
181,254,907,0,34,1,1,0,13,0,0.28004410143329656
182,233,280,0,23,1,0,0,7,0,0.8321428571428572
183,210,220,0,1,1,1,0,10,0,0.9545454545454546
184,651,722,51,136,1,1,0,12,0,0.9016620498614959
185,237,249,0,36,1,1,0,11,0,0.9518072289156626
186,204,445,118,92,1,1,0,8,0,0.4584269662921348
187,268,388,0,3,1,1,0,8,0,0.6907216494845361
188,293,438,46,45,1,1,0,6,0,0.6689497716894978
189,345,332,19,167,1,1,0,14,0,1.0391566265060241
190,1725,1466,135,245,1,1,0,17,0,1.1766712141882674
191,311,351,0,63,1,0,0,11,0,0.886039886039886
192,224,308,23,59,1,1,0,16,0,0.7272727272727273
193,245,395,0,10,1,1,0,8,0,0.620253164556962
194,582,828,0,43,1,1,0,16,0,0.7028985507246377
195,447,572,83,120,1,1,0,15,0,0.7814685314685315
196,165,205,6,0,1,0,0,8,0,0.8048780487804879
197,187,207,9,16,1,1,0,9,0,0.9033816425120773
198,334,234,0,16,1,1,0,12,0,1.4273504273504274
199,613,555,27,121,1,1,0,11,0,1.1045045045045045
200,278,265,0,155,1,0,0,9,0,1.049056603773585
201,277,175,0,65,1,0,0,9,0,1.582857142857143
202,107,260,0,0,1,1,0,13,0,0.4115384615384615
203,735,665,44,19,1,1,0,11,0,1.105263157894737
204,242,299,39,23,1,1,0,11,0,0.8093645484949833
205,209,216,19,14,1,1,0,13,0,0.9675925925925926
206,253,303,0,7,1,1,0,9,0,0.834983498349835
207,305,322,4,49,1,0,0,13,0,0.9472049689440993
208,105,167,0,0,1,1,0,7,0,0.6287425149700598
209,371,357,78,19,1,1,0,12,0,1.0392156862745099
210,378,422,21,31,1,1,0,12,0,0.8957345971563981
211,384,219,51,11,1,1,0,12,0,1.7534246575342465
212,848,959,0,225,1,0,0,8,0,0.8842544316996872
213,143,233,0,1,1,1,0,13,0,0.6137339055793991
214,334,870,0,28,1,1,0,13,0,0.3839080459770115
215,590,801,43,76,1,0,2,13,0,0.7365792759051186
216,274,403,30,122,1,1,0,10,0,0.6799007444168734
217,179,347,0,25,1,0,2,5,0,0.515850144092219
218,116,187,0,0,1,1,0,12,0,0.6203208556149733
219,235,186,30,9,1,1,0,16,0,1.2634408602150538
220,222,248,0,40,1,1,0,13,0,0.8951612903225806
221,290,289,0,76,1,1,0,9,0,1.0034602076124568
222,349,427,13,14,1,1,4,12,0,0.8173302107728337
223,224,234,13,7,1,1,0,10,0,0.9572649572649573
224,550,502,19,108,1,1,0,13,0,1.095617529880478
225,118,92,0,3,1,1,0,8,0,1.2826086956521738
226,320,457,14,1,1,0,0,8,0,0.700218818380744
227,684,592,11,49,1,1,0,11,0,1.1554054054054055
228,477,474,0,0,0,1,0,9,0,1.0063291139240507
229,268,348,43,21,1,0,0,11,0,0.7701149425287356
230,303,418,115,92,1,1,0,13,0,0.7248803827751196
231,185,486,7,0,1,1,0,9,0,0.38065843621399176
232,347,407,66,11,1,1,0,17,0,0.8525798525798526
233,340,806,0,18,1,0,0,13,0,0.4218362282878412
234,350,385,0,63,1,1,0,8,0,0.9090909090909091
235,391,314,3,17,1,0,0,12,0,1.2452229299363058
236,404,454,9,26,1,1,0,11,0,0.8898678414096917
237,679,666,115,54,1,1,0,7,0,1.0195195195195195
238,236,338,21,23,1,1,0,11,0,0.6982248520710059
239,898,624,150,141,1,1,0,15,0,1.439102564102564
240,489,473,8,86,1,0,4,9,0,1.0338266384778012
241,379,386,0,31,1,0,0,11,0,0.9818652849740933
242,316,317,110,101,1,1,0,7,0,0.9968454258675079
243,473,614,5,99,1,0,0,13,0,0.7703583061889251
244,146,163,69,63,1,1,0,9,0,0.8957055214723927
245,256,338,36,39,1,1,0,10,0,0.757396449704142
246,1035,828,0,24,1,0,0,10,0,1.25
247,326,654,146,155,1,1,0,8,0,0.4984709480122324
248,342,371,43,15,1,1,0,11,0,0.921832884097035
249,531,686,0,41,1,1,0,9,0,0.7740524781341108
250,488,569,0,34,1,1,0,9,0,0.8576449912126538
251,1218,351,35,15,1,0,0,10,0,3.47008547008547
252,403,388,0,23,1,1,0,11,0,1.038659793814433
253,393,372,25,7,1,0,0,9,0,1.0564516129032258
254,505,382,9,4,1,1,0,11,0,1.3219895287958114
255,181,186,0,8,1,1,0,11,0,0.9731182795698925
256,319,319,46,138,1,1,0,11,0,1.0
257,561,737,0,66,1,1,0,9,0,0.7611940298507462
258,283,355,0,140,1,1,0,8,0,0.7971830985915493
259,384,469,42,71,1,1,0,11,0,0.8187633262260128
260,446,496,0,62,1,1,0,7,0,0.8991935483870968
261,208,310,9,440,1,1,0,10,0,0.6709677419354839
262,1123,1162,130,428,1,1,0,12,0,0.9664371772805508
263,283,442,6,36,1,1,0,8,0,0.6402714932126696
264,682,762,11,114,1,1,0,7,0,0.89501312335958
265,460,459,41,23,1,1,0,12,0,1.0021786492374727
266,461,440,25,115,1,1,0,10,0,1.0477272727272726
267,725,733,35,91,1,1,0,13,0,0.9890859481582538
268,132,345,0,33,1,1,0,6,0,0.3826086956521739
269,424,499,50,38,1,1,0,7,0,0.8496993987975952
270,321,306,18,102,1,1,0,9,0,1.0490196078431373
271,584,653,34,88,1,1,0,9,0,0.8943338437978561
272,589,601,58,58,1,1,0,13,0,0.9800332778702163
273,620,623,0,161,1,1,0,9,0,0.9951845906902087
274,1500,1446,103,132,1,1,0,14,0,1.037344398340249
275,213,235,42,32,1,1,1,13,0,0.9063829787234042
276,376,437,116,33,1,1,0,9,0,0.8604118993135011
277,150,256,98,28,1,1,0,15,0,0.5859375
278,351,381,35,25,1,0,0,10,0,0.9212598425196851
279,414,440,14,71,1,0,0,9,0,0.9409090909090909
280,473,397,35,28,1,1,0,16,0,1.1914357682619647
281,521,860,0,262,1,1,0,7,0,0.6058139534883721
282,230,358,0,26,1,0,0,10,0,0.6424581005586593
283,350,426,30,24,1,1,0,12,0,0.8215962441314554
284,376,636,19,60,1,1,0,7,0,0.5911949685534591
285,475,528,0,29,1,1,0,7,0,0.8996212121212122
286,288,276,22,13,1,1,0,12,0,1.0434782608695652
287,515,571,0,4,1,0,0,11,0,0.9019264448336253
288,470,627,61,7,1,1,0,8,0,0.7496012759170654
289,367,416,41,111,1,1,0,7,0,0.8822115384615384
290,252,265,41,4,1,1,0,9,0,0.9509433962264151
291,269,268,0,23,1,1,0,8,0,1.0037313432835822
292,312,453,33,47,1,1,0,9,0,0.6887417218543046
293,370,387,21,22,1,1,0,7,0,0.9560723514211886
294,609,543,23,58,1,1,0,9,0,1.1215469613259668
295,330,433,63,35,1,0,0,15,0,0.7621247113163973
296,649,630,35,67,1,0,0,9,0,1.03015873015873
297,529,589,33,67,1,1,0,13,0,0.8981324278438031
298,348,359,0,21,1,1,0,10,0,0.9693593314763231
299,576,680,135,187,1,1,0,11,0,0.8470588235294118
300,387,382,43,69,1,1,0,8,0,1.013089005235602
301,120,84,25,48,1,1,0,13,0,1.4285714285714286
302,290,517,2,16,1,1,0,10,0,0.5609284332688588
303,522,641,88,171,1,0,0,7,0,0.8143525741029641
304,639,677,17,125,1,1,0,9,0,0.9438700147710487
305,554,561,0,325,1,1,0,12,0,0.9875222816399287
306,230,436,0,36,1,1,0,14,0,0.5275229357798165
307,545,494,22,22,1,1,0,15,0,1.1032388663967612
308,252,509,0,28,1,1,0,11,0,0.4950884086444008
309,420,1097,22,29,1,1,0,10,0,0.3828623518687329
310,2939,595,140,43,1,0,0,13,0,4.939495798319328
311,456,545,82,48,1,1,0,10,0,0.8366972477064221
312,326,784,6,27,1,1,0,12,0,0.41581632653061223
313,241,293,22,16,1,1,0,10,0,0.8225255972696246
314,349,420,0,61,1,1,0,12,0,0.830952380952381
315,367,524,0,47,1,1,0,11,0,0.700381679389313
316,462,682,0,94,1,1,0,10,0,0.6774193548387096
317,202,201,0,21,1,1,0,9,0,1.0049751243781095
318,95,90,0,4,1,1,2,14,0,1.0555555555555556
319,346,318,18,0,1,0,0,12,0,1.0880503144654088
320,603,1233,7,588,1,1,0,7,0,0.48905109489051096
321,386,482,32,48,1,1,0,7,0,0.8008298755186722
322,219,99,87,79,1,0,0,18,0,2.212121212121212
323,99,227,0,117,1,1,0,17,0,0.43612334801762115
324,417,375,6,25,1,1,0,10,0,1.112
325,266,248,33,12,1,0,0,11,0,1.0725806451612903
326,592,108,35,117,1,0,0,9,0,5.481481481481482
327,308,423,0,101,1,1,2,14,0,0.7281323877068558
328,261,102,0,142,1,0,0,8,0,2.5588235294117645
329,571,755,4,16,1,1,0,10,0,0.7562913907284768
330,311,406,0,11,1,1,0,9,0,0.7660098522167488
331,115,143,0,15,1,1,0,7,0,0.8041958041958042
332,623,579,146,83,1,0,0,14,0,1.075993091537133
333,473,794,0,4,1,1,0,8,0,0.5957178841309824
334,575,537,27,44,1,1,0,14,0,1.0707635009310987
335,399,826,54,70,1,1,0,13,0,0.4830508474576271
336,119,116,0,2,1,1,0,15,0,1.0258620689655173
337,260,344,0,99,1,1,0,14,0,0.7558139534883721
338,436,348,57,33,1,0,0,11,0,1.2528735632183907
339,917,591,37,48,1,1,0,8,0,1.5516074450084603
340,153,367,9,72,1,0,0,13,0,0.41689373297002724
341,676,701,0,249,1,1,0,11,0,0.9643366619115549
342,369,430,60,14,1,1,0,14,0,0.858139534883721
343,373,1477,90,25,1,0,0,14,0,0.2525389302640487
344,429,449,0,1,1,0,4,9,0,0.955456570155902
345,234,196,146,66,1,1,2,8,0,1.1938775510204083
346,481,452,93,163,1,0,0,10,0,1.0641592920353982
347,337,296,7,65,1,0,0,13,0,1.1385135135135136
348,208,571,0,11,1,0,0,8,0,0.36427320490367776
349,873,4935,22,30,1,0,0,9,0,0.17689969604863223
350,194,219,14,33,1,1,0,15,0,0.8858447488584474
351,371,442,0,9,1,1,0,16,0,0.8393665158371041
352,83,252,0,40,1,1,0,12,0,0.32936507936507936
353,22,28,0,0,0,1,0,15,0,0.7857142857142857
354,244,263,0,82,1,1,0,11,0,0.9277566539923955
355,134,365,7,59,1,1,0,11,0,0.36712328767123287
356,349,352,15,44,1,1,4,21,0,0.9914772727272727
357,427,509,26,0,1,1,0,12,0,0.8388998035363457
358,60,108,0,49,1,1,1,14,0,0.5555555555555556
359,249,171,0,56,1,1,0,8,0,1.456140350877193
360,378,578,9,61,1,1,0,7,0,0.6539792387543253
361,92,196,3,5,1,1,0,12,0,0.46938775510204084
362,221,224,0,39,1,0,0,14,0,0.9866071428571429
363,66,61,20,0,1,0,0,12,0,1.0819672131147542
364,462,483,32,31,1,1,0,12,0,0.9565217391304348
365,630,755,0,125,1,1,0,10,0,0.8344370860927153
366,126,88,0,2,1,0,0,9,0,1.4318181818181819
367,486,479,20,38,1,1,0,15,0,1.0146137787056368
368,51,48,0,43,1,1,0,8,0,1.0625
369,626,679,48,58,1,1,0,12,0,0.9219440353460973
370,748,996,11,44,1,1,0,13,0,0.751004016064257
371,1058,614,23,52,1,0,0,12,0,1.723127035830619
372,633,661,19,31,1,1,0,10,0,0.9576399394856279
373,207,201,131,75,1,1,2,12,0,1.0298507462686568
374,200,257,20,3,1,1,0,11,0,0.7782101167315175
375,216,268,40,10,1,1,1,10,0,0.8059701492537313
376,911,343,76,411,1,0,0,7,0,2.6559766763848396
377,199,209,107,49,1,1,0,10,0,0.9521531100478469
378,658,604,8,27,1,1,0,7,0,1.0894039735099337
379,409,504,32,3,1,1,0,20,0,0.8115079365079365
380,158,209,0,5,1,1,0,7,0,0.7559808612440191
381,872,772,0,174,1,0,0,11,0,1.1295336787564767
382,203,250,53,131,1,1,0,8,0,0.812
383,93,51,0,1,1,1,0,10,0,1.8235294117647058
384,66,84,0,1,1,1,0,10,0,0.7857142857142857
385,422,377,18,17,1,0,0,13,0,1.1193633952254642
386,106,115,0,8,1,1,0,8,0,0.9217391304347826
387,238,100,10,100,1,1,0,11,0,2.38
388,325,523,0,84,1,1,0,17,0,0.621414913957935
389,278,458,42,85,1,1,0,14,0,0.6069868995633187
390,1817,758,2,115,1,1,0,14,0,2.3970976253298155
391,70,78,0,9,1,0,0,20,0,0.8974358974358975
392,788,664,24,383,1,0,0,11,0,1.1867469879518073
393,522,856,139,216,1,0,0,11,0,0.6098130841121495
394,88,146,34,6,1,0,0,8,0,0.6027397260273972
395,427,407,45,124,1,1,0,8,0,1.049140049140049
396,150,149,77,22,1,0,0,13,0,1.0067114093959733
397,1099,584,0,124,1,1,0,11,0,1.8818493150684932
398,504,465,0,74,1,1,2,11,0,1.0838709677419356
399,83,119,39,5,1,1,0,12,0,0.6974789915966386
400,715,598,66,210,1,0,0,7,0,1.1956521739130435
401,226,261,0,20,1,1,0,13,0,0.8659003831417624
402,393,463,0,165,1,1,0,8,0,0.8488120950323974
403,261,299,119,8,1,0,0,10,0,0.8729096989966555
404,421,424,15,124,1,1,0,6,0,0.9929245283018868
405,114,115,24,21,1,1,0,6,0,0.991304347826087
406,200,224,71,17,1,1,0,12,0,0.8928571428571429
407,260,349,0,26,1,0,0,12,0,0.7449856733524355
408,227,342,49,128,1,1,0,9,0,0.6637426900584795
409,481,531,16,9,1,1,0,12,0,0.9058380414312618
410,272,918,0,1,1,0,0,7,0,0.2962962962962963
411,438,339,32,12,1,1,0,13,0,1.2920353982300885
412,772,669,22,79,1,0,0,8,0,1.1539611360239164
413,217,198,3,0,1,1,0,17,0,1.095959595959596
414,654,679,33,24,1,0,0,8,0,0.9631811487481591
415,336,598,0,223,1,1,0,8,0,0.5618729096989966
416,210,367,0,114,1,1,0,8,0,0.5722070844686649
417,269,127,148,146,1,1,0,13,0,2.1181102362204722
418,239,324,106,29,1,1,0,10,0,0.7376543209876543
419,365,627,12,107,1,0,0,7,0,0.5821371610845295
420,218,316,16,438,1,1,0,10,0,0.689873417721519
421,323,373,40,10,1,1,0,14,0,0.8659517426273459
422,249,234,19,17,1,1,0,9,0,1.064102564102564
423,245,423,0,74,1,1,0,10,0,0.5791962174940898
424,508,723,33,154,1,1,0,11,0,0.7026279391424619
425,304,298,32,1,1,1,4,17,0,1.0201342281879195
426,3257,3511,136,113,1,0,0,8,0,0.9276559384790658
427,420,417,43,6,1,1,0,11,0,1.0071942446043165
428,209,257,10,52,1,1,0,12,0,0.8132295719844358
429,1669,996,127,107,1,1,2,13,0,1.6757028112449799
430,81,52,0,4,1,1,0,15,0,1.5576923076923077
431,415,439,0,13,1,1,0,11,0,0.9453302961275627
432,129,152,0,0,1,1,0,14,0,0.8486842105263158
433,165,181,0,85,1,1,0,13,0,0.9116022099447514
434,273,297,19,0,1,1,0,15,0,0.9191919191919192
435,338,330,41,17,1,0,0,12,0,1.0242424242424242
436,225,446,0,53,1,0,0,11,0,0.5044843049327354
437,449,410,19,19,1,1,0,8,0,1.0951219512195123
438,594,863,105,276,1,1,0,9,0,0.6882966396292005
439,679,764,23,39,1,1,0,11,0,0.8887434554973822
440,569,539,41,95,1,1,0,11,0,1.0556586270871986
441,540,543,0,73,1,1,0,12,0,0.994475138121547
442,441,368,25,30,1,1,0,8,0,1.1983695652173914
443,570,455,37,120,1,1,0,10,0,1.2527472527472527
444,367,1114,16,69,1,0,0,8,0,0.32944344703770195
445,634,648,59,21,1,0,0,9,0,0.9783950617283951
446,687,539,18,78,1,0,0,9,0,1.274582560296846
447,160,169,9,8,1,1,0,10,0,0.9467455621301775
448,566,464,32,65,1,1,0,9,0,1.2198275862068966
449,113,148,0,9,1,1,0,10,0,0.7635135135135135
450,670,547,52,68,1,1,0,12,0,1.2248628884826325
451,501,465,18,4,1,1,0,10,0,1.0774193548387097
452,369,396,0,5,1,1,0,12,0,0.9318181818181818
453,363,355,41,17,1,1,0,11,0,1.0225352112676056
454,218,255,0,2,1,1,0,9,0,0.8549019607843137
455,446,489,29,46,1,1,0,10,0,0.9120654396728016
456,404,392,25,23,1,1,0,14,0,1.030612244897959
457,426,486,60,110,1,0,0,12,0,0.8765432098765432
458,207,201,131,75,1,1,2,12,0,1.0298507462686568
459,200,229,17,4,1,1,2,10,0,0.8733624454148472
460,606,722,44,56,1,1,0,9,0,0.8393351800554016
461,191,280,9,4,1,1,0,15,0,0.6821428571428572
462,414,440,14,71,1,0,0,9,0,0.9409090909090909
463,698,705,0,32,1,1,0,7,0,0.9900709219858156
464,510,669,33,31,1,1,0,11,0,0.7623318385650224
465,233,242,43,9,1,1,0,14,0,0.9628099173553719
466,361,358,18,75,1,0,0,9,0,1.0083798882681565
467,200,204,0,60,1,1,2,16,0,0.9803921568627451
468,222,185,0,22,1,1,0,6,0,1.2
469,148,196,0,7,1,1,0,12,0,0.7551020408163265
470,274,309,0,2,1,1,0,12,0,0.8867313915857605
471,209,240,0,0,1,0,0,6,0,0.8708333333333333
472,301,477,20,6,1,1,0,12,0,0.6310272536687631
473,116,162,39,11,1,1,0,11,0,0.7160493827160493
474,207,196,0,7,1,1,0,11,0,1.0561224489795917
475,199,272,18,36,1,1,0,8,0,0.7316176470588235
476,289,451,0,76,1,1,0,13,0,0.6407982261640798
477,513,520,49,37,1,0,0,10,0,0.9865384615384616
478,105,174,0,0,1,1,0,11,0,0.603448275862069
479,695,635,25,21,1,0,0,9,0,1.094488188976378
480,540,604,0,16,1,1,0,16,0,0.8940397350993378
481,337,482,0,7,1,1,0,14,0,0.6991701244813278
482,625,703,48,34,1,1,0,8,0,0.8890469416785206
483,175,313,11,4,1,0,0,7,0,0.5591054313099042
484,358,315,26,33,1,1,0,6,0,1.1365079365079365
485,616,564,37,26,1,0,0,10,0,1.0921985815602837
486,600,719,50,181,1,1,0,12,0,0.8344923504867872
487,236,226,12,12,1,1,0,7,0,1.0442477876106195
488,325,335,0,50,1,1,0,14,0,0.9701492537313433
489,384,410,0,48,1,1,1,13,0,0.9365853658536586
490,256,308,8,6,1,1,0,17,0,0.8311688311688312
491,113,112,0,14,1,1,0,10,0,1.0089285714285714
492,81,142,0,8,1,1,2,7,0,0.5704225352112676
493,380,500,38,19,1,1,0,9,0,0.76
494,270,493,0,0,1,0,0,13,0,0.5476673427991886
495,427,981,20,95,1,1,2,13,0,0.4352701325178389
496,386,482,32,48,1,1,0,7,0,0.8008298755186722
497,65,67,79,116,1,0,0,8,0,0.9701492537313433
498,315,363,26,0,1,0,0,8,0,0.8677685950413223
499,69,100,0,5,1,1,0,9,0,0.69
500,339,476,56,33,1,1,0,8,0,0.7121848739495799
501,156,199,42,2,1,0,0,11,0,0.7839195979899497
502,288,304,45,5,1,1,0,11,0,0.9473684210526315
503,101,109,0,2,1,1,3,17,0,0.926605504587156
504,358,336,0,9,1,0,0,13,0,1.0654761904761905
505,467,519,13,16,1,1,0,17,0,0.8998073217726397
506,318,306,51,13,1,0,0,11,0,1.0392156862745099
507,352,575,6,88,1,1,0,13,0,0.6121739130434782
508,256,344,34,53,1,1,0,12,0,0.7441860465116279
509,228,320,17,20,1,1,0,11,0,0.7125
510,257,252,0,25,1,0,0,12,0,1.0198412698412698
511,240,492,78,12,1,1,0,13,0,0.4878048780487805
512,203,256,0,1,1,1,0,7,0,0.79296875
513,79,80,7,2,1,1,0,11,0,0.9875
514,431,463,21,42,1,1,0,10,0,0.9308855291576674
515,217,266,11,13,1,1,0,13,0,0.8157894736842105
516,423,523,0,114,1,1,0,11,0,0.8087954110898662
517,142,224,0,8,1,0,0,7,0,0.6339285714285714
518,432,410,25,26,1,1,0,10,0,1.053658536585366
519,310,357,23,44,1,1,0,10,0,0.8683473389355743
520,333,358,35,23,1,1,0,18,0,0.9301675977653632
521,202,201,0,21,1,1,0,9,0,1.0049751243781095
522,421,565,30,44,1,1,0,6,0,0.7451327433628319
523,449,481,34,45,1,1,2,10,0,0.9334719334719335
524,318,318,8,9,1,1,0,10,0,1.0
525,371,370,29,10,1,1,0,14,0,1.0027027027027027
526,262,265,19,22,1,1,0,11,0,0.9886792452830189
527,588,497,0,13,1,1,0,12,0,1.1830985915492958
528,636,632,16,111,1,0,0,5,0,1.0063291139240507
529,266,257,44,105,1,1,0,11,0,1.0350194552529184
530,204,126,0,393,1,0,0,14,0,1.619047619047619
531,514,573,19,216,1,0,2,15,0,0.8970331588132635
532,450,708,52,58,1,1,0,10,0,0.635593220338983
533,406,478,0,76,1,1,0,12,0,0.8493723849372385
534,397,371,0,298,1,1,0,6,0,1.0700808625336926
535,1078,179,0,131,1,0,2,15,0,6.022346368715084
536,523,396,30,52,1,1,0,11,0,1.3207070707070707
537,255,246,0,12,1,1,0,12,0,1.0365853658536586
538,87,95,24,11,1,1,0,17,0,0.9157894736842105
539,133,135,20,4,1,1,0,10,0,0.9851851851851852
540,197,267,13,8,1,1,0,12,0,0.7378277153558053
541,709,692,0,76,1,1,0,17,0,1.0245664739884393
542,296,291,0,26,1,1,0,14,0,1.0171821305841924
543,198,198,17,35,1,0,0,12,0,1.0
544,619,793,98,272,1,1,0,7,0,0.7805800756620429
545,174,172,0,1,1,1,0,10,0,1.0116279069767442
546,190,184,0,2,1,1,0,11,0,1.0326086956521738
547,198,233,0,28,1,1,0,15,0,0.8497854077253219
548,324,323,0,114,1,1,0,10,0,1.0030959752321982
549,251,257,0,24,1,1,0,15,0,0.9766536964980544
550,218,255,0,2,1,1,0,9,0,0.8549019607843137
551,224,287,0,51,1,1,0,13,0,0.7804878048780488
552,293,259,0,36,1,1,0,13,0,1.1312741312741312
553,155,359,73,71,1,1,0,8,0,0.43175487465181056
554,204,263,49,24,1,0,0,9,0,0.7756653992395437
555,512,365,67,12,1,1,2,12,0,1.4027397260273973
556,257,291,139,19,1,1,2,10,0,0.8831615120274914
557,213,245,0,31,1,1,0,12,0,0.8693877551020408
558,369,396,0,5,1,1,0,12,0,0.9318181818181818
559,309,323,0,96,1,1,0,11,0,0.9566563467492261
560,472,534,0,27,1,1,0,7,0,0.8838951310861424
561,202,340,0,28,1,1,0,11,0,0.5941176470588235
562,272,240,0,147,1,0,0,13,0,1.1333333333333333
563,303,341,20,12,1,1,0,13,0,0.8885630498533724
564,189,190,0,9,1,1,0,6,0,0.9947368421052631
565,455,449,18,32,1,1,0,12,0,1.0133630289532294
566,634,618,17,25,1,1,0,7,0,1.0258899676375404
567,541,516,134,84,1,0,0,8,0,1.0484496124031009
568,450,473,64,152,1,1,0,15,0,0.9513742071881607
569,143,237,0,3,1,0,0,12,0,0.6033755274261603
570,467,681,1,149,1,1,0,10,0,0.6857562408223201
571,1050,820,43,332,1,0,0,10,0,1.2804878048780488
572,194,278,0,3,1,1,1,11,0,0.697841726618705
573,55,31,0,1,1,0,0,8,0,1.7741935483870968
574,462,682,0,94,1,1,0,10,0,0.6774193548387096
575,455,603,0,79,1,1,0,11,0,0.7545605306799337
576,246,267,0,55,1,1,0,15,0,0.9213483146067416
577,116,214,0,5,1,1,0,11,0,0.5420560747663551
578,97,156,0,24,1,1,0,9,0,0.6217948717948718
579,1507,1198,35,175,1,1,0,13,0,1.2579298831385644
580,196,270,0,199,1,0,0,15,0,0.725925925925926
581,304,450,0,271,1,1,0,8,0,0.6755555555555556
582,488,546,14,25,1,1,0,9,0,0.8937728937728938
583,464,684,39,102,1,1,0,10,0,0.6783625730994152
584,894,874,1,414,1,1,2,11,0,1.022883295194508
585,871,841,78,161,1,0,0,12,0,1.0356718192627825
586,281,560,32,396,1,1,0,10,0,0.5017857142857143
587,1170,1355,0,491,1,1,0,14,0,0.8634686346863468
588,474,935,72,273,1,1,0,8,0,0.506951871657754
589,489,570,40,367,1,1,0,11,0,0.8578947368421053
590,604,674,0,65,1,1,0,11,0,0.8961424332344213
591,964,861,29,9,1,1,0,8,0,1.1196283391405342
592,359,386,0,397,1,1,0,15,0,0.9300518134715026
593,523,782,9,471,1,1,0,5,0,0.6687979539641944
594,615,1187,1,984,1,1,0,13,0,0.5181128896377422
595,894,720,41,80,1,0,0,11,0,1.2416666666666667
596,420,457,21,127,1,0,0,10,0,0.9190371991247265
597,495,491,40,12,1,1,2,11,0,1.0081466395112015
598,557,703,0,60,1,0,0,11,0,0.7923186344238976
599,403,449,8,204,1,1,0,12,0,0.8975501113585747
600,450,579,103,67,1,1,0,9,0,0.7772020725388601
601,242,273,0,206,1,1,0,13,0,0.8864468864468864
602,381,1319,144,102,1,1,0,11,0,0.288855193328279
603,736,662,0,312,1,0,0,7,0,1.1117824773413898
604,625,977,13,7,1,1,0,11,0,0.6397134083930399
605,372,362,36,13,1,1,0,7,0,1.0276243093922652
606,550,555,133,234,1,1,0,16,0,0.990990990990991
607,150,184,0,79,1,0,0,6,0,0.8152173913043478
608,407,464,70,579,1,1,0,7,0,0.8771551724137931
609,1017,1201,0,263,1,0,0,14,0,0.8467943380516236
610,148,426,0,22,1,1,0,8,0,0.3474178403755869
611,1209,1093,38,289,1,0,0,8,0,1.1061299176578225
612,382,691,0,300,1,1,0,6,0,0.552821997105644
613,520,604,15,732,1,0,0,9,0,0.8609271523178808
614,1002,1089,0,582,1,1,0,10,0,0.9201101928374655
615,305,386,24,166,1,1,0,9,0,0.7901554404145078
616,619,937,0,16,1,1,0,10,0,0.6606189967982924
617,619,750,24,38,1,1,0,9,0,0.8253333333333334
618,719,607,45,69,1,1,0,11,0,1.1845140032948929
619,108,125,1,16,1,1,0,13,0,0.864
620,343,388,0,67,1,1,0,5,0,0.884020618556701
621,323,405,0,69,1,1,0,10,0,0.7975308641975308
622,1020,1048,101,126,1,0,0,8,0,0.9732824427480916
623,982,979,0,266,1,0,0,13,0,1.003064351378958
624,416,460,0,104,1,1,0,10,0,0.9043478260869565
625,511,916,0,134,1,1,0,12,0,0.5578602620087336
626,511,563,32,16,1,0,0,15,0,0.9076376554174067
627,403,490,0,38,1,1,0,12,0,0.8224489795918367
628,319,429,0,68,1,1,0,7,0,0.7435897435897436
629,213,406,0,169,1,1,0,6,0,0.5246305418719212
630,199,228,0,12,1,1,0,8,0,0.8728070175438597
631,211,255,23,27,1,1,4,10,0,0.8274509803921568
632,214,208,0,9,1,1,0,12,0,1.0288461538461537
633,875,878,4,15,1,1,0,13,0,0.9965831435079726
634,907,927,64,36,1,1,0,14,0,0.9784250269687162
635,299,540,0,112,1,1,0,12,0,0.5537037037037037
636,625,921,0,91,1,1,0,7,0,0.6786102062975027
637,238,410,11,44,1,1,0,10,0,0.5804878048780487
638,167,294,0,37,1,1,0,14,0,0.5680272108843537
639,509,690,0,15,1,1,0,10,0,0.7376811594202899
640,210,238,0,1,1,0,0,10,0,0.8823529411764706
641,366,377,8,373,1,1,0,9,0,0.9708222811671088
642,475,551,0,93,1,1,0,11,0,0.8620689655172413
643,330,272,14,103,1,1,0,10,0,1.213235294117647
644,362,373,0,19,1,0,0,10,0,0.9705093833780161
645,248,289,22,21,1,1,0,10,0,0.8581314878892734
646,379,531,27,52,1,1,0,11,0,0.7137476459510358
647,431,688,0,15,1,1,0,9,0,0.626453488372093
648,609,719,89,37,1,0,0,11,0,0.847009735744089
649,548,480,0,98,1,1,0,7,0,1.1416666666666666
650,428,413,16,314,1,1,0,12,0,1.036319612590799
651,361,1066,0,308,1,1,0,12,0,0.33864915572232646
652,775,691,25,26,1,1,0,6,0,1.1215629522431259
653,543,1020,41,179,1,1,0,14,0,0.5323529411764706
654,383,419,4,5,1,1,0,11,0,0.9140811455847255
655,103,143,0,20,1,1,1,11,0,0.7202797202797203
656,367,361,0,98,1,1,0,9,0,1.0166204986149585
657,321,295,18,99,1,1,0,11,0,1.088135593220339
658,146,134,31,36,1,1,0,10,0,1.0895522388059702
659,219,337,0,0,1,1,1,7,0,0.6498516320474778
660,302,362,1,54,1,1,0,13,0,0.8342541436464088
661,379,484,0,130,1,1,0,10,0,0.7830578512396694
662,468,504,0,26,1,1,0,9,0,0.9285714285714286
663,645,694,0,69,1,1,0,12,0,0.9293948126801153
664,251,321,48,42,1,1,0,12,0,0.7819314641744548
665,276,352,0,69,1,1,0,8,0,0.7840909090909091
666,302,307,7,80,1,1,0,15,0,0.9837133550488599
667,357,593,0,20,1,1,0,9,0,0.6020236087689713
668,251,292,0,3,1,1,0,9,0,0.8595890410958904
669,824,962,23,5,1,0,0,14,0,0.8565488565488566
670,549,545,0,100,1,1,0,11,0,1.0073394495412844
671,552,639,1,184,1,1,0,10,0,0.863849765258216
672,409,407,25,164,1,1,0,12,0,1.0049140049140048
673,362,332,0,38,1,0,0,14,0,1.0903614457831325
674,374,449,0,26,1,1,0,12,0,0.8329621380846325
675,601,509,33,223,1,1,0,10,0,1.180746561886051
676,723,649,18,62,1,0,0,8,0,1.1140215716486903
677,473,531,24,19,1,1,0,10,0,0.8907721280602636
678,536,669,21,30,1,1,2,8,0,0.8011958146487295
679,404,458,0,240,1,1,0,10,0,0.8820960698689956
680,516,764,0,217,1,1,0,10,0,0.675392670157068
681,406,392,0,142,1,0,0,6,0,1.0357142857142858
682,400,835,0,44,1,1,0,9,0,0.47904191616766467
683,1933,995,0,107,1,1,0,11,0,1.942713567839196
684,500,667,0,150,1,1,0,11,0,0.7496251874062968
685,447,749,0,185,1,1,0,14,0,0.5967957276368492
686,439,910,1,517,1,1,0,10,0,0.4824175824175824
687,1054,1538,25,445,1,0,0,6,0,0.6853055916775033
688,208,571,0,11,1,0,0,8,0,0.36427320490367776
689,349,806,125,66,1,1,0,10,0,0.43300248138957814
690,427,594,7,37,1,1,0,9,0,0.7188552188552189
691,323,505,0,0,1,1,1,13,0,0.6396039603960396
692,341,440,51,9,1,1,0,14,0,0.775
693,104,120,0,12,1,1,0,9,0,0.8666666666666667
694,272,302,31,1,1,1,0,7,0,0.9006622516556292
695,170,181,18,15,1,1,0,14,0,0.9392265193370166
696,381,515,43,67,1,1,0,12,0,0.7398058252427184
697,196,224,0,0,1,0,0,10,0,0.875
698,141,96,91,9,1,0,0,9,0,1.46875
699,273,392,0,5,1,1,0,11,0,0.6964285714285714
700,1221,999,0,30,1,1,0,13,0,1.2222222222222223
701,402,478,56,22,1,1,0,14,0,0.8410041841004184
702,260,390,0,37,1,1,0,11,0,0.6666666666666666
703,180,224,0,3,1,1,2,8,0,0.8035714285714286
704,137,1096,0,5,1,0,0,12,0,0.125
705,43,48,0,13,1,1,4,10,0,0.8958333333333334
706,404,408,27,102,1,1,0,7,0,0.9901960784313726
707,719,1107,0,227,1,1,0,13,0,0.6495031616982837
708,771,1743,96,118,1,1,0,15,0,0.4423407917383821
709,271,771,30,81,1,1,0,9,0,0.35149156939040205
710,124,115,0,143,1,0,0,6,0,1.0782608695652174
711,102,264,0,11,1,1,0,12,0,0.38636363636363635
712,109,154,0,0,1,1,0,14,0,0.7077922077922078
713,422,466,25,27,1,1,0,12,0,0.9055793991416309
714,544,371,24,5,1,1,2,9,0,1.4663072776280324
715,284,315,0,23,1,1,0,7,0,0.9015873015873016
716,1083,1066,46,469,1,0,0,9,0,1.0159474671669793
717,647,454,0,6,1,1,0,6,0,1.4251101321585904
718,172,141,0,62,1,0,0,9,0,1.2198581560283688
719,255,308,0,80,1,1,0,11,0,0.827922077922078
720,718,917,84,86,1,1,2,12,0,0.7829880043620502
721,120,135,14,46,1,0,0,13,0,0.8888888888888888
722,531,480,0,13,1,0,0,12,0,1.10625
723,136,162,103,2,1,1,2,8,0,0.8395061728395061
724,661,628,63,29,1,1,0,8,0,1.052547770700637
725,70,90,0,0,1,1,4,9,0,0.7777777777777778
726,1562,1213,0,98,1,1,0,14,0,1.2877164056059356
727,1483,1498,28,770,1,1,0,11,0,0.9899866488651535
728,1087,922,133,284,1,0,0,10,0,1.1789587852494576
729,911,561,29,211,1,0,0,13,0,1.623885918003565
730,1257,857,14,228,1,0,0,11,0,1.4667444574095683
731,433,490,0,12,1,1,0,11,0,0.8836734693877552
732,267,319,19,15,1,1,0,16,0,0.8369905956112853
733,163,109,0,36,1,1,2,12,0,1.4954128440366972
734,196,207,0,27,1,1,0,7,0,0.9468599033816425
735,260,296,10,2,1,0,0,7,0,0.8783783783783784
736,192,145,0,37,1,1,0,10,0,1.3241379310344827
737,187,191,24,45,1,0,0,15,0,0.9790575916230366
738,579,504,27,35,1,1,0,11,0,1.1488095238095237
739,442,719,0,96,1,0,2,7,0,0.6147426981919333
740,5,4,0,0,1,0,2,13,0,1.25
741,309,827,0,203,1,1,0,9,0,0.373639661426844
742,189,332,0,5,1,1,0,16,0,0.5692771084337349
743,522,493,0,43,1,1,0,11,0,1.0588235294117647
744,43,30,0,15,1,1,2,6,0,1.4333333333333333
745,59,89,0,0,1,0,2,12,0,0.6629213483146067
746,168,10,0,0,1,0,0,5,0,16.8
747,213,274,0,1,1,1,0,13,0,0.7773722627737226
748,56,153,28,36,1,1,3,13,0,0.3660130718954248
749,294,307,0,22,1,1,2,11,0,0.9576547231270358
750,290,656,0,50,1,1,0,11,0,0.4420731707317073
751,488,1071,0,53,1,1,0,7,0,0.4556489262371615
752,384,455,0,31,1,0,2,6,0,0.843956043956044
753,390,520,38,78,1,1,0,10,0,0.75
754,1342,712,24,112,1,0,0,12,0,1.8848314606741574
755,486,651,18,227,1,1,0,7,0,0.7465437788018433
756,94,123,0,0,0,1,0,12,0,0.7642276422764228
757,603,496,57,100,1,1,0,13,0,1.215725806451613
758,445,449,0,60,1,0,0,16,0,0.9910913140311804
759,260,161,0,2,1,1,0,10,0,1.6149068322981366
760,484,412,13,59,1,1,0,8,0,1.174757281553398
761,461,700,0,475,1,1,0,7,0,0.6585714285714286
762,248,197,71,27,1,1,0,11,0,1.2588832487309645
763,296,495,0,49,1,1,0,12,0,0.597979797979798
764,200,304,0,82,1,1,0,8,0,0.6578947368421053
765,511,873,1,502,1,1,0,11,0,0.5853379152348225
766,728,307,0,50,1,0,0,5,0,2.3713355048859937
767,969,944,124,118,1,0,0,12,0,1.0264830508474576
768,225,307,0,74,1,1,0,8,0,0.7328990228013029
769,237,492,0,21,1,1,4,10,0,0.4817073170731707
770,115,160,54,61,1,1,0,9,0,0.71875
771,5,13,0,1,1,1,4,16,0,0.38461538461538464
772,284,289,8,31,1,1,0,10,0,0.9826989619377162
773,207,225,24,6,1,1,0,10,0,0.92
774,106,147,0,1,1,1,0,11,0,0.7210884353741497
775,220,367,0,10,1,1,0,12,0,0.5994550408719346
776,39,43,11,0,1,1,4,10,0,0.9069767441860465
777,311,412,0,3,0,1,0,13,0,0.7548543689320388
778,372,374,0,46,1,1,0,14,0,0.9946524064171123
779,42,8,0,1,1,0,0,15,0,5.25
780,368,459,30,65,1,1,0,7,0,0.8017429193899782
781,566,585,0,13,1,1,0,7,0,0.9675213675213675
782,615,830,42,108,1,1,0,15,0,0.7409638554216867
783,174,26,52,12,1,1,0,11,0,6.6923076923076925
784,847,958,0,209,1,1,0,14,0,0.884133611691023
785,1121,1118,150,615,1,1,0,10,0,1.0026833631484795
786,245,208,4,2,1,1,2,12,0,1.1778846153846154
787,374,445,0,104,1,1,0,7,0,0.8404494382022472
788,505,498,0,64,1,0,0,9,0,1.0140562248995983
789,341,1049,33,176,1,1,0,8,0,0.32507149666348906
790,433,543,1,288,1,1,0,12,0,0.7974217311233885
791,499,758,0,23,1,1,2,13,0,0.658311345646438
792,310,349,0,25,1,1,0,14,0,0.8882521489971347
793,330,422,40,799,1,1,0,11,0,0.7819905213270142
794,527,659,24,109,1,0,0,10,0,0.7996965098634294
795,79,90,0,0,1,1,0,7,0,0.8777777777777778
796,456,653,1,170,1,1,0,9,0,0.6983154670750383
797,319,378,48,41,1,1,0,13,0,0.843915343915344
798,169,39,0,4,1,0,0,11,0,4.333333333333333
799,403,470,23,47,1,1,0,10,0,0.8574468085106383
800,550,485,31,84,1,1,0,11,0,1.134020618556701
801,972,732,5,113,1,1,0,13,0,1.3278688524590163
802,161,168,0,59,1,1,0,8,0,0.9583333333333334
803,584,669,42,31,1,0,0,10,0,0.8729446935724963
804,433,453,0,52,1,1,0,10,0,0.9558498896247241
805,512,522,56,88,1,1,0,10,0,0.9808429118773946
806,547,790,0,17,1,0,0,8,0,0.6924050632911393
807,402,343,98,1058,1,1,0,10,0,1.1720116618075802
808,1801,1029,0,123,1,0,0,8,0,1.750242954324587
809,322,365,50,122,1,1,0,6,0,0.8821917808219178
810,1031,719,12,99,1,0,0,13,0,1.4339360222531294
811,846,743,22,38,1,0,0,12,0,1.1386271870794078
812,460,380,5,67,1,1,0,12,0,1.2105263157894737
813,412,414,12,15,1,1,1,12,0,0.9951690821256038
814,354,455,0,19,1,1,0,12,0,0.778021978021978
815,508,504,9,74,1,1,0,5,0,1.007936507936508
816,409,927,6,32,1,1,0,7,0,0.4412081984897519
817,228,806,13,0,1,1,0,13,0,0.28287841191067
818,174,172,0,1,1,1,0,10,0,1.0116279069767442
819,769,1115,25,92,1,0,0,10,0,0.6896860986547085
820,559,674,0,13,1,1,0,14,0,0.8293768545994066
821,382,346,23,38,1,1,0,7,0,1.1040462427745665
822,338,334,19,30,1,1,0,13,0,1.0119760479041917
823,345,362,0,56,1,1,0,11,0,0.9530386740331491
824,419,411,33,38,1,1,0,13,0,1.0194647201946472
825,476,462,9,75,1,1,0,13,0,1.0303030303030303
826,348,338,15,15,1,1,0,6,0,1.029585798816568
827,582,623,0,36,1,1,0,14,0,0.9341894060995185
828,479,547,59,80,1,1,0,10,0,0.8756855575868373
829,352,333,14,38,1,1,0,11,0,1.057057057057057
830,581,544,6,58,1,1,0,11,0,1.068014705882353
831,560,500,39,49,1,1,0,9,0,1.12
832,525,1017,10,41,1,1,0,13,0,0.5162241887905604
833,452,481,0,82,1,1,0,6,0,0.9397089397089398
834,713,636,3,118,1,1,0,13,0,1.121069182389937
835,270,280,34,52,1,1,0,11,0,0.9642857142857143
836,423,424,40,169,1,1,0,12,0,0.9976415094339622
837,630,641,1,93,1,1,0,17,0,0.982839313572543
838,893,902,30,87,1,1,0,14,0,0.9900221729490022
839,499,617,14,56,1,1,0,12,0,0.8087520259319287
840,440,540,16,48,1,1,0,6,0,0.8148148148148148
841,300,442,0,36,1,1,0,12,0,0.6787330316742082
842,294,386,8,15,1,1,2,14,0,0.7616580310880829
843,428,385,50,18,1,1,0,14,0,1.1116883116883116
844,480,481,0,72,1,1,0,11,0,0.997920997920998
845,726,582,0,17,1,0,0,16,0,1.2474226804123711
846,924,832,26,596,1,1,0,9,0,1.1105769230769231
847,631,645,22,56,1,1,0,8,0,0.9782945736434109
848,254,352,22,94,1,1,0,15,0,0.7215909090909091
849,406,478,0,76,1,1,0,12,0,0.8493723849372385
850,842,797,0,99,1,1,0,13,0,1.056461731493099
851,647,542,21,36,1,1,0,14,0,1.1937269372693726
852,513,442,0,50,1,1,0,14,0,1.160633484162896
853,338,367,2,37,1,1,0,13,0,0.9209809264305178
854,619,793,98,272,1,1,0,7,0,0.7805800756620429
855,938,1194,66,27,1,1,0,14,0,0.7855946398659966
856,293,235,0,103,1,1,0,12,0,1.2468085106382978
857,564,538,0,71,1,1,0,13,0,1.0483271375464684
858,727,729,0,31,1,1,0,11,0,0.9972565157750343
859,314,187,102,200,1,0,0,11,0,1.679144385026738
860,651,643,39,171,1,1,0,15,0,1.0124416796267497
861,507,582,34,99,1,1,0,11,0,0.8711340206185567
862,632,664,14,31,1,1,0,10,0,0.9518072289156626
863,521,491,10,69,1,1,0,14,0,1.0610997963340123
864,468,456,41,12,1,1,0,6,0,1.0263157894736843
865,530,597,53,71,1,1,0,8,0,0.8877721943048577
866,339,331,48,4,1,1,0,12,0,1.0241691842900302
867,377,387,0,33,1,1,0,13,0,0.9741602067183462
868,414,496,0,60,1,1,0,10,0,0.8346774193548387
869,427,548,72,54,1,1,0,11,0,0.7791970802919708
870,536,447,33,79,1,1,0,9,0,1.1991051454138701
871,481,555,8,29,1,1,0,11,0,0.8666666666666667
872,492,724,0,71,1,1,0,14,0,0.6795580110497238
873,257,291,139,19,1,1,2,10,0,0.8831615120274914
874,582,658,0,80,1,1,0,11,0,0.8844984802431611
875,347,381,6,66,1,1,0,9,0,0.910761154855643
876,298,298,22,25,1,1,0,12,0,1.0
877,322,411,23,12,1,1,0,11,0,0.7834549878345499
878,183,189,6,11,1,1,0,5,0,0.9682539682539683
879,324,323,0,114,1,1,0,10,0,1.0030959752321982
880,176,256,0,1,1,1,0,12,0,0.6875
881,2572,693,3,8,1,0,0,11,0,3.7113997113997113
882,3087,526,132,32,1,0,0,22,0,5.8688212927756656
883,4492,2210,130,184,1,0,0,15,0,2.032579185520362
884,2082,2197,94,875,1,0,0,7,0,0.9476558944014565
885,1011,262,100,132,1,0,0,17,0,3.8587786259541983
886,37,413,49,5,1,0,0,9,0,0.08958837772397095
887,521,2397,118,9,1,0,2,17,0,0.21735502711722987
888,16,57,26,4,1,1,2,14,0,0.2807017543859649
889,222,440,105,5,1,0,3,14,0,0.5045454545454545
890,44,3787,0,1,0,0,0,13,0,0.011618695537364668
891,2253,5022,0,172,1,0,7,15,0,0.4486260454002389
892,444,604,111,3,1,0,4,16,0,0.7350993377483444
893,360,2288,0,228,1,0,0,12,0,0.15734265734265734
894,142,289,0,7,1,0,0,12,0,0.4913494809688581
895,114,248,0,49,1,0,0,14,0,0.4596774193548387
896,340,536,0,4,1,0,4,15,0,0.6343283582089553
897,280,691,7,8,1,0,0,16,0,0.40520984081041966
898,93,139,0,3,1,0,0,12,0,0.6690647482014388
899,58,170,12,20,1,0,0,9,0,0.3411764705882353
900,247,963,78,30,1,0,0,10,0,0.2564901349948079
901,281,1342,60,327,1,0,5,9,0,0.20938897168405365
902,1173,1431,15,3,1,0,0,10,0,0.8197064989517819
903,158,303,51,2,1,0,2,11,0,0.5214521452145214
904,70,808,0,6,1,0,1,9,0,0.08663366336633663
905,1266,678,50,1,1,0,0,13,0,1.8672566371681416
906,197,131,3,1,0,0,0,12,0,1.5038167938931297
907,498,148,12,2,1,0,4,12,0,3.364864864864865
908,1705,578,25,6,1,0,2,14,0,2.949826989619377
909,449,1151,0,84,0,1,0,9,0,0.39009556907037357
910,1022,5252,140,2,1,0,3,10,0,0.19459253617669459
911,1,15,0,0,1,1,0,10,0,0.06666666666666667
912,611,514,94,36,1,0,0,12,0,1.188715953307393
913,23,140,57,0,1,0,0,10,0,0.16428571428571428
914,804,2553,0,25,1,0,5,18,0,0.31492361927144535
915,291,84,68,5,1,0,1,11,0,3.4642857142857144
916,77,42,16,5,1,0,0,16,0,1.8333333333333333
917,433,409,31,3,1,0,0,12,0,1.058679706601467
918,199,61,73,1,1,0,0,12,0,3.262295081967213
919,322,257,0,3,1,0,0,12,0,1.2529182879377432
920,183,155,0,1,1,0,0,10,0,1.1806451612903226
921,152,966,0,6,1,0,0,9,0,0.15734989648033126
922,149,822,83,6,1,0,0,13,0,0.18126520681265207
923,247,316,108,3,1,0,0,9,0,0.7816455696202531
924,694,3255,84,8,1,0,2,15,0,0.21321044546850998
925,287,1459,10,8,1,0,4,13,0,0.19671007539410554
926,801,4536,82,9,1,0,3,15,0,0.1765873015873016
927,21,586,54,3,1,0,0,12,0,0.03583617747440273
928,12,202,135,2,1,0,0,12,0,0.0594059405940594
929,125,691,15,3,1,0,3,14,0,0.1808972503617945
930,25,765,70,2,1,0,0,16,0,0.032679738562091505
931,116,1265,75,3,1,0,0,18,0,0.091699604743083
932,140,288,0,5,1,0,0,13,0,0.4861111111111111
933,47,61,57,7,1,0,0,15,0,0.7704918032786885
934,89,112,0,3,1,1,2,12,0,0.7946428571428571
935,12,28,0,1,1,1,4,14,0,0.42857142857142855
936,338,435,0,7,1,1,0,10,0,0.7770114942528735
937,875,1027,24,2,1,0,0,17,0,0.8519961051606622
938,359,586,48,8,1,1,0,12,0,0.6126279863481229
939,353,733,32,5,1,1,0,7,0,0.4815825375170532
940,49,326,0,7,1,0,0,14,0,0.15030674846625766
941,47,124,0,3,1,1,0,13,0,0.3790322580645161
942,40,118,3,4,0,0,0,13,0,0.3389830508474576
943,282,377,37,9,1,1,0,12,0,0.7480106100795756
944,160,304,0,5,1,1,0,10,0,0.5263157894736842
945,605,525,54,6,1,0,0,9,0,1.1523809523809523
946,816,646,130,9,1,0,1,15,0,1.263157894736842
947,288,365,8,4,1,1,0,14,0,0.7890410958904109
948,239,416,27,8,1,1,0,14,0,0.5745192307692307
949,153,253,0,8,1,1,0,12,0,0.6047430830039525
950,21,63,0,1,1,0,4,14,0,0.3333333333333333
951,41,93,0,1,1,1,0,9,0,0.44086021505376344
952,32,48,0,4,1,0,0,17,0,0.6666666666666666
953,13,73,56,8,1,1,0,12,0,0.1780821917808219
954,30,347,149,1,1,0,2,9,0,0.08645533141210375
955,443,1821,0,8,1,0,0,14,0,0.24327292696320704
956,517,1693,67,6,1,0,4,12,0,0.30537507383343176
957,144,651,0,8,1,1,0,11,0,0.22119815668202766
958,98,937,0,8,1,0,0,15,0,0.10458911419423693
959,177,237,0,9,1,1,2,12,0,0.7468354430379747
960,295,378,27,1,1,1,1,13,0,0.7804232804232805
961,156,165,0,8,1,0,0,16,0,0.9454545454545454
962,5,46,105,7,1,0,0,15,0,0.10869565217391304
963,207,258,0,4,1,0,2,12,0,0.8023255813953488
964,316,496,105,5,1,0,0,16,0,0.6370967741935484
965,22,46,0,1,1,1,0,13,0,0.4782608695652174
966,70,160,0,4,1,1,0,5,0,0.4375
967,146,203,7,4,1,1,0,6,0,0.7192118226600985
968,261,488,0,3,1,1,0,11,0,0.5348360655737705
969,342,465,6,3,1,1,0,7,0,0.7354838709677419
970,183,401,0,9,1,1,0,20,0,0.456359102244389
971,250,796,97,9,1,0,0,20,0,0.314070351758794
972,96,134,3,9,1,1,0,20,0,0.7164179104477612
973,145,327,139,6,1,0,0,14,0,0.4434250764525994
974,146,166,0,4,1,1,4,10,0,0.8795180722891566
975,44,361,0,2,0,0,0,15,0,0.12188365650969529
976,792,3126,113,6,1,0,0,20,0,0.2533589251439539
977,312,2275,110,5,1,0,0,12,0,0.13714285714285715
978,283,477,0,5,1,1,2,8,0,0.5932914046121593
979,1002,4209,0,9,1,0,2,16,0,0.23806129722024233
980,234,658,93,2,1,0,0,14,0,0.3556231003039514
981,160,177,0,2,1,0,0,12,0,0.903954802259887
982,207,553,0,9,1,0,2,11,0,0.3743218806509946
983,46,22,21,4,1,0,0,18,0,2.090909090909091
984,154,147,22,5,1,0,0,14,0,1.0476190476190477
985,60,58,47,6,1,0,0,13,0,1.0344827586206897
986,149,123,0,1,1,0,0,15,0,1.2113821138211383
987,188,504,0,3,1,1,0,9,0,0.373015873015873
988,401,2117,0,3,1,0,1,10,0,0.1894189891355692
989,239,1134,145,9,1,0,0,19,0,0.21075837742504408
990,91,149,0,7,1,0,0,18,0,0.610738255033557
991,78,783,28,1,1,0,0,11,0,0.09961685823754789
992,135,517,44,4,1,0,4,11,0,0.2611218568665377
993,203,823,71,4,1,0,0,12,0,0.24665856622114216
994,25,1937,0,0,1,1,0,10,1,0.012906556530717605
995,324,4122,0,0,1,0,4,15,1,0.07860262008733625
996,15,399,0,0,0,0,3,12,1,0.03759398496240601
997,14,107,0,1,1,0,1,10,1,0.1308411214953271
998,264,4651,0,0,1,0,0,14,1,0.056761986669533436
999,33,1470,0,2,1,1,4,13,1,0.022448979591836733
1000,420,4883,30,8,1,0,0,12,1,0.08601269711243088
1001,442,6662,0,396,1,0,0,11,1,0.06634644250975683
1002,816,7497,0,85,1,0,3,15,1,0.10884353741496598
1003,150,6631,1,0,1,1,3,8,1,0.022621022470215652
1004,235,7202,0,1,1,1,2,14,1,0.03262982504859761
1005,99,1358,0,1,1,0,3,7,1,0.07290132547864507
1006,59,6603,0,0,0,1,0,12,1,0.008935332424655459
1007,4,179,0,1,1,0,0,17,1,0.0223463687150838
1008,39,1022,58,0,0,0,3,30,1,0.03816046966731898
1009,8,23,0,0,0,0,0,10,1,0.34782608695652173
1010,622,364,26,2,0,0,0,9,1,1.7087912087912087
1011,37,207,0,0,0,0,0,15,1,0.178743961352657
1012,66,244,34,0,0,0,0,11,1,0.27049180327868855
1013,32,4,0,1,1,0,2,10,1,8.0
1014,27,354,0,0,1,1,4,10,1,0.07627118644067797
1015,47,106,0,0,0,0,3,11,1,0.44339622641509435
1016,25,136,0,0,0,1,2,8,1,0.18382352941176472
1017,5,243,0,1,0,1,0,12,1,0.0205761316872428
1018,0,848,0,0,0,1,4,9,1,0.0
1019,232,6013,111,1,1,0,1,20,1,0.03858307001496757
1020,534,539,11,0,1,0,0,11,1,0.9907235621521335
1021,1,8,0,0,0,0,0,11,1,0.125
1022,0,126,0,0,1,1,0,5,1,0.0
1023,5,77,0,0,1,0,4,10,1,0.06493506493506493
1024,0,6,0,0,0,1,7,11,1,0.0
1025,80,1844,16,1,1,1,0,9,1,0.04338394793926247
1026,87,851,53,0,1,0,0,8,1,0.10223266745005875
1027,29,1603,89,2,1,0,0,11,1,0.018091079226450407
1028,247,1749,0,3,1,0,4,10,1,0.14122355631789593
1029,290,2269,0,0,0,1,0,12,1,0.127809607756721
1030,12,2721,16,1,1,1,0,13,1,0.004410143329658214
1031,46,2521,0,0,0,0,2,12,1,0.01824672748909163
1032,2,1973,13,0,0,1,1,11,1,0.0010136847440446021
1033,8,1359,0,0,1,0,0,8,1,0.005886681383370125
1034,36,2004,10,6,0,1,2,13,1,0.017964071856287425
1035,37,1982,8,1,1,0,3,9,1,0.01866801210898083
1036,61,992,0,0,1,0,4,10,1,0.06149193548387097
1037,105,6802,17,0,1,0,0,6,1,0.015436636283446045
1038,607,7455,20,0,0,1,0,9,1,0.08142186452045606
1039,14,1725,0,0,1,1,4,9,1,0.008115942028985508
1040,69,3577,0,1,0,0,1,9,1,0.019289907743919487
1041,26,1919,0,0,0,0,0,12,1,0.01354872329338197
1042,12,1710,0,1,1,0,3,13,1,0.007017543859649123
1043,12,1377,0,0,0,0,5,15,1,0.008714596949891068
1044,51,3241,50,0,1,1,2,13,1,0.01573588398642394
1045,8,1709,0,0,1,1,2,7,1,0.004681100058513751
1046,514,1999,27,0,1,0,0,6,1,0.2571285642821411
1047,104,1423,53,0,0,0,0,13,1,0.07308503162333099
1048,83,2012,0,0,1,1,2,12,1,0.04125248508946322
1049,69,1374,9,0,1,1,1,7,1,0.05021834061135371
1050,282,2517,0,5,1,0,2,11,1,0.11203814064362336
1051,49,2499,23,1,1,0,4,17,1,0.0196078431372549
1052,14,3359,0,0,1,0,1,7,1,0.004167907115212861
1053,49,2987,0,0,0,0,0,8,1,0.016404419149648478
1054,20,3543,0,0,0,0,1,11,1,0.005644933672029354
1055,63,2318,0,0,1,0,4,9,1,0.027178602243313203
1056,5,964,0,1,1,0,0,9,1,0.005186721991701245
1057,58,826,0,0,1,0,4,12,1,0.07021791767554479
1058,110,1612,0,0,0,1,4,12,1,0.06823821339950373
1059,21,946,0,1,1,0,1,10,1,0.022198731501057084
1060,15,659,0,1,1,0,0,8,1,0.02276176024279211
1061,2,757,0,0,1,0,3,13,1,0.002642007926023778
1062,125,1396,15,0,1,1,2,12,1,0.08954154727793696
1063,14,3086,0,1,1,0,0,11,1,0.004536616979909268
1064,4,883,0,0,1,0,1,7,1,0.004530011325028313
1065,11,1898,37,0,1,1,2,9,1,0.005795574288724974
1066,3208,1911,0,0,0,0,5,15,1,1.6787022501308215
1067,0,2513,0,1,1,1,0,13,1,0.0
1068,124,1411,85,0,1,1,0,13,1,0.08788093550673282
1069,441,2772,0,0,0,1,2,9,1,0.1590909090909091
1070,10,1768,0,0,0,0,4,14,1,0.005656108597285068
1071,14,1229,0,4,0,1,0,14,1,0.011391375101708706
1072,16,2473,0,0,0,0,0,13,1,0.00646987464617873
1073,22,2666,0,0,0,1,2,9,1,0.008252063015753939
1074,24,2503,0,1,1,0,4,9,1,0.009588493807431082
1075,32,2471,0,0,0,0,3,13,1,0.012950222581950627
1076,102,332,0,0,0,0,1,7,1,0.3072289156626506
1077,53,620,4,1,1,1,0,8,1,0.08548387096774193
1078,9,1770,0,0,0,0,0,8,1,0.005084745762711864
1079,12,2319,0,0,0,0,3,10,1,0.00517464424320828
1080,7,2116,0,0,0,0,2,12,1,0.0033081285444234404
1081,52,2479,0,0,1,0,0,14,1,0.020976200080677694
1082,14,1803,0,0,1,0,0,11,1,0.00776483638380477
1083,22,1330,0,0,1,0,3,10,1,0.016541353383458645
1084,4,1546,0,0,0,0,0,11,1,0.00258732212160414
1085,58,2132,0,0,0,0,0,14,1,0.027204502814258912
1086,8,2039,0,0,1,0,4,11,1,0.00392349190779794
1087,22,4006,0,0,0,0,0,8,1,0.0054917623564653024
1088,15,3949,0,0,0,0,2,13,1,0.0037984299822739933
1089,26,3400,0,0,0,0,2,8,1,0.007647058823529412
1090,32,3921,70,0,1,0,2,11,1,0.00816118337158888
1091,34,7158,0,0,0,0,1,10,1,0.004749930148086058
1092,47,3999,129,0,1,1,0,12,1,0.011752938234558639
1093,162,171,0,1,0,1,0,15,1,0.9473684210526315
1094,643,2240,0,2,1,0,1,11,1,0.2870535714285714
1095,147,2387,0,0,1,0,2,10,1,0.06158357771260997
1096,35,4621,0,0,0,0,4,17,1,0.0075741181562432374
1097,11,4677,0,0,0,0,3,8,1,0.0023519350010690614
1098,52,4614,0,0,1,0,0,14,1,0.011270047680970958
1099,33,5133,0,2,1,0,8,13,1,0.006428988895382817
1100,29,5105,0,0,0,0,5,18,1,0.0056807051909892265
1101,6,961,0,0,1,0,5,8,1,0.006243496357960458
1102,64,190,70,3,1,0,0,16,1,0.3368421052631579
1103,18,1741,0,0,0,0,0,11,1,0.010338885697874785
1104,163,6747,0,3,1,0,0,10,1,0.02415888543056173
1105,6,181,0,1,1,0,3,15,1,0.03314917127071823
1106,17,1299,0,1,1,0,0,18,1,0.01308698999230177
1107,16,266,0,0,0,0,2,14,1,0.06015037593984962
1108,153,1195,9,0,1,0,0,9,1,0.1280334728033473
1109,38,1678,0,0,0,0,5,19,1,0.02264600715137068
1110,959,2107,0,3,1,0,0,8,1,0.45514950166112955
1111,109,1722,0,8,1,1,5,11,1,0.06329849012775841
1112,129,1796,0,5,1,1,0,8,1,0.07182628062360802
1113,35,2553,0,1,1,0,0,21,1,0.013709361535448493
1114,6,866,0,2,0,1,0,10,1,0.006928406466512702
1115,19,4046,0,1,1,0,5,19,1,0.0046959960454770145
1116,34,938,110,3,1,0,0,15,1,0.03624733475479744
1117,494,3853,0,1,1,0,4,18,1,0.12821178302621333
1118,30,940,24,3,1,0,0,10,1,0.031914893617021274
1119,26,1392,85,3,1,0,1,13,1,0.01867816091954023
1120,5,16,0,0,0,1,0,9,1,0.3125
1121,160,2246,0,1,1,0,3,10,1,0.07123775601068566
1122,48,179,0,4,1,0,0,8,1,0.2681564245810056
1123,55,776,6,1,1,0,0,11,1,0.07087628865979381
1124,11,159,0,1,0,0,3,14,1,0.06918238993710692
1125,185,1928,74,3,1,0,0,12,1,0.09595435684647304
1126,11,2258,0,3,1,0,0,18,1,0.00487156775907883
1127,29,1857,19,1,1,0,3,8,1,0.015616585891222402
1128,39,481,14,2,1,0,0,19,1,0.08108108108108109
1129,71,31,57,3,1,0,1,11,1,2.2903225806451615
1130,3,151,0,0,0,1,0,16,1,0.019867549668874173
1131,1,1807,0,0,0,1,2,12,1,0.0005534034311012728
1132,3,76,0,0,1,1,2,12,1,0.039473684210526314
1133,11,76,0,0,0,0,2,13,1,0.14473684210526316
1134,1,67,0,0,0,1,0,8,1,0.014925373134328358
1135,29,41,0,0,0,1,0,9,1,0.7073170731707317
1136,0,3,0,0,0,0,3,10,1,0.0
1137,13,114,0,0,0,0,4,9,1,0.11403508771929824
1138,17,183,0,0,0,1,1,10,1,0.09289617486338798
1139,24,696,0,0,0,1,0,9,1,0.034482758620689655
1140,3,157,0,0,0,1,4,9,1,0.01910828025477707
1141,0,54,0,0,0,1,0,11,1,0.0
1142,11,344,24,0,0,1,4,9,1,0.03197674418604651
1143,1,282,0,0,0,1,0,15,1,0.0035460992907801418
1144,0,577,0,0,0,1,0,14,1,0.0
1145,0,434,0,0,0,1,0,12,1,0.0
1146,2,57,0,0,0,0,2,10,1,0.03508771929824561
1147,26,142,0,0,0,0,0,9,1,0.18309859154929578
1148,49,111,0,0,0,1,5,10,1,0.44144144144144143
1149,1,127,0,0,1,1,0,10,1,0.007874015748031496
1150,16,486,0,0,1,1,0,13,1,0.03292181069958848
1151,25,322,0,0,1,0,0,8,1,0.07763975155279502
1152,0,194,0,0,1,1,0,9,1,0.0
1153,0,174,14,0,1,1,1,9,1,0.0
1154,0,524,0,0,1,1,0,6,1,0.0
1155,5,460,0,1,1,1,1,7,1,0.010869565217391304
1156,0,753,0,9,1,1,0,13,1,0.0
1157,0,140,0,0,1,1,2,7,1,0.0
1158,301,7493,0,0,1,1,4,10,1,0.04017082610436407
1159,368,6929,0,2,1,0,0,7,1,0.05311011689998557
1160,80,4839,10,5,1,0,0,8,1,0.016532341392849762
1161,28,4518,0,1,1,0,2,6,1,0.00619743249225321
1162,223,1735,0,6,1,0,2,9,1,0.12853025936599424
1163,140,1104,0,3,1,0,0,15,1,0.12681159420289856
1164,85,1401,130,9,1,0,3,16,1,0.06067094932191292
1165,32,2184,35,2,1,0,2,18,1,0.014652014652014652
1166,34,3681,36,1,1,0,0,9,1,0.009236620483564249
1167,14,2429,0,1,1,0,0,16,1,0.005763688760806916
1168,11,1008,12,1,1,0,0,12,1,0.010912698412698412
1169,228,4956,50,1,1,1,3,9,1,0.04600484261501211
1170,133,145,0,4,1,0,0,15,1,0.9172413793103448
1171,407,3792,0,1,1,0,3,9,1,0.10733122362869198
1172,64,359,0,6,1,0,0,7,1,0.17827298050139276
1173,288,4276,0,1,1,0,5,9,1,0.06735266604303088
1174,307,4887,3,3,1,0,0,22,1,0.06281972580315122
1175,88,266,0,1,1,0,0,9,1,0.3308270676691729
1176,145,2291,0,1,0,0,7,15,1,0.06329113924050633
1177,34,219,0,2,0,0,0,20,1,0.1552511415525114
1178,165,618,0,0,1,0,0,8,1,0.2669902912621359
1179,165,752,0,0,0,1,3,8,1,0.21941489361702127
1180,151,1975,0,0,0,1,4,9,1,0.07645569620253165
1181,12,25,0,0,0,0,0,9,1,0.48
1182,1338,3364,0,0,0,1,0,10,1,0.3977407847800238
1183,401,3796,0,0,0,0,3,10,1,0.10563751317175975
1184,228,1779,0,0,0,0,10,11,1,0.1281618887015177
1185,1127,3758,0,3,1,1,6,9,1,0.29989356040447046
1186,1,1,59,7,1,0,4,15,1,1.0
1187,0,25,138,6,1,0,0,10,1,0.0
1188,0,1,92,9,1,0,1,15,1,0.0
